f1,f2,_class,_value,_training
-0.9927,-1.1814,Green,1,1
0.9357,0.1286,Green,1,1
0.8527,2.1243,Green,1,1
-0.5512,0.0933,Green,1,1
-0.1738,-0.0239,Green,1,1
0.5472,-0.3405,Green,1,1
-0.1368,-1.565,Green,1,1
-2.9805,1.0779,Green,1,1
-0.0236,1.2569,Green,1,1
-0.9048,-0.0707,Green,1,1
-0.8153,0.2289,Green,1,1
-0.5685,1.1815,Green,1,1
-0.2516,-0.0786,Green,1,1
-0.315,-1.6868,Green,1,1
0.2519,-1.1993,Green,1,1
-0.419,-1.9656,Green,1,1
-0.7609,0.6276,Green,1,1
0.0924,0.0774,Green,1,1
0.6364,0.2732,Green,1,1
-1.1401,-0.2561,Green,1,1
0.0855,1.1991,Green,1,1
0.8947,-0.0718,Green,1,1
1.0217,0.9768,Green,1,1
0.109,-1.4056,Green,1,1
0.0612,-0.598,Green,1,1
-0.5426,0.3493,Green,1,1
0.7013,0.4243,Green,1,1
0.3915,-0.4509,Green,1,1
-0.6953,-0.0042,Green,1,1
-0.8437,1.1213,Green,1,1
0.236,-0.7143,Green,1,1
0.2244,-0.6993,Green,1,1
-1.2026,-2.1444,Green,1,1
0.9524,0.886,Green,1,1
2.3372,-0.8063,Green,1,1
-1.0655,0.7197,Green,1,1
-0.6948,0.8792,Green,1,1
0.411,-0.2797,Green,1,1
-0.3578,-1.2788,Green,1,1
-0.5271,1.4874,Green,1,1
1.1697,1.5451,Green,1,1
-0.2957,0.2105,Green,1,1
0.8199,0.2782,Green,1,1
1.0821,0.4296,Green,1,1
-0.9818,0.7087,Green,1,1
0.4235,-0.6037,Green,1,1
-0.1704,1.3844,Green,1,1
1.2247,2.169,Green,1,1
-0.2014,-1.5068,Green,1,1
0.1391,-1.7523,Green,1,1
-1.276,-0.433,Green,1,1
1.0732,1.2201,Green,1,1
-0.7783,1.6757,Green,1,1
0.5573,-0.6058,Green,1,1
1.107,0.4125,Green,1,1
-0.4333,-1.2099,Green,1,1
1.0653,0.0656,Green,1,1
0.3761,1.3138,Green,1,1
-0.9133,-0.7661,Green,1,1
1.5076,0.6969,Green,1,1
-0.1629,0.2038,Green,1,1
-1.4052,0.7258,Green,1,1
0.0173,0.0627,Green,1,1
-0.6984,1.8352,Green,1,1
-1.3059,0.1004,Green,1,1
-0.1283,-0.2736,Green,1,1
-0.4914,0.8685,Green,1,1
1.8371,1.0518,Green,1,1
-0.8637,-0.6582,Green,1,1
-0.3735,0.839,Green,1,1
-1.4946,-0.6447,Green,1,1
-1.143,-0.3567,Green,1,1
-0.0472,1.6159,Green,1,1
0.661,-0.9809,Green,1,1
0.3355,1.8127,Green,1,1
-0.3208,0.4488,Green,1,1
1.4502,0.399,Green,1,1
0.5052,-1.1132,Green,1,1
0.4017,0.1037,Green,1,1
0.2753,-1.7115,Green,1,1
-0.7883,0.9735,Green,1,1
0.0641,1.5231,Green,1,1
2.849,-0.6053,Green,1,1
1.3449,2.0024,Green,1,1
-0.2812,-0.7389,Green,1,1
1.1822,-0.1372,Green,1,1
-0.593,-0.0083,Green,1,1
1.5608,-0.2456,Green,1,1
-0.6162,0.2867,Green,1,1
-0.1304,-0.7774,Green,1,1
0.2632,-2.7871,Green,1,1
-3.2078,0.4086,Green,1,1
-0.6991,-0.6174,Green,1,1
0.8061,0.6715,Green,1,1
-0.5427,-0.9319,Green,1,1
2.5934,1.1602,Green,1,1
0.0602,0.0651,Green,1,1
-0.5766,0.0053,Green,1,1
0.8133,-1.8003,Green,1,1
2.0483,0.5378,Green,1,1
0.0098,1.2934,Green,1,1
0.0398,-0.1125,Green,1,1
-1.7754,0.256,Green,1,1
-2.1709,-0.2781,Green,1,1
1.0319,1.3575,Green,1,1
0.1837,0.5059,Green,1,1
0.1921,0.7407,Green,1,1
-1.1542,0.434,Green,1,1
0.1476,0.0112,Green,1,1
-0.46,-0.335,Green,1,1
-1.1084,0.1938,Green,1,1
-0.2688,-0.0948,Green,1,1
-1.542,0.8273,Green,1,1
-0.0813,0.4724,Green,1,1
1.7751,-1.9148,Green,1,1
-1.1392,0.6925,Green,1,1
0.7098,-0.3499,Green,1,1
-0.7976,0.2363,Green,1,1
0.3431,2.3306,Green,1,1
1.7433,-0.752,Green,1,1
0.0105,-0.5775,Green,1,1
-0.3393,0.0946,Green,1,1
-2.0969,-0.2458,Green,1,1
0.829,1.1223,Green,1,1
-0.495,1.3034,Green,1,1
-0.5504,-1.8382,Green,1,1
-0.1235,-0.5427,Green,1,1
0.2663,2.214,Green,1,1
-0.6701,0.0949,Green,1,1
-1.4631,0.9982,Green,1,1
0.8005,0.0509,Green,1,1
-2.5428,0.0959,Green,1,1
-0.7036,-1.0344,Green,1,1
0.9289,0.2922,Green,1,1
0.7145,-0.5325,Green,1,1
0.3668,1.3828,Green,1,1
2.0882,-0.8727,Green,1,1
-0.3628,1.2487,Green,1,1
0.1216,-1.305,Green,1,1
-0.2724,-0.4908,Green,1,1
0.4114,0.3214,Green,1,1
-1.5159,-0.167,Green,1,1
-0.5446,-0.3106,Green,1,1
0.6919,0.1571,Green,1,1
-0.1556,0.4993,Green,1,1
1.5462,-0.6462,Green,1,1
-0.6968,-2.8518,Green,1,1
0.1927,-1.1839,Green,1,1
-1.6743,-1.0954,Green,1,1
0.5315,-0.7294,Green,1,1
-0.0629,-1.1532,Green,1,1
-0.2163,1.753,Green,1,1
-0.3231,0.0295,Green,1,1
0.7872,-1.1188,Green,1,1
-0.1392,-0.4277,Green,1,1
-0.1917,0.424,Green,1,1
-0.0937,-0.4255,Green,1,1
-0.9673,-1.0221,Green,1,1
-0.3351,0.5287,Green,1,1
0.104,-1.2913,Green,1,1
-0.5758,-0.9245,Green,1,1
0.4756,-0.3009,Green,1,1
-0.0933,-1.0908,Green,1,1
-0.152,-0.9333,Green,1,1
-0.2335,-0.5084,Green,1,1
-1.4362,-0.6859,Green,1,1
0.7935,0.1787,Green,1,1
-0.6248,-0.0861,Green,1,1
-1.7176,-1.7097,Green,1,1
1.1094,-0.2702,Green,1,1
0.8803,0.3073,Green,1,1
1.3612,1.9764,Green,1,1
0.8783,-1.519,Green,1,1
-0.2793,1.2145,Green,1,1
1.8764,-0.8875,Green,1,1
0.184,0.2682,Green,1,1
0.8234,-1.0406,Green,1,1
0.5983,-0.498,Green,1,1
0.1685,0.2492,Green,1,1
-0.3666,-0.9505,Green,1,1
1.5722,-0.1677,Green,1,1
-0.1287,-0.5878,Green,1,1
-0.6263,0.3879,Green,1,1
-1.499,0.2846,Green,1,1
-0.2086,1.847,Green,1,1
-0.3424,1.8772,Green,1,1
0.5696,-0.0877,Green,1,1
1.7516,-0.0737,Green,1,1
0.1198,0.0926,Green,1,1
1.9489,-1.6475,Green,1,1
1.2513,1.7759,Green,1,1
-0.0147,0.3636,Green,1,1
-1.6327,-0.5205,Green,1,1
1.0318,1.4709,Green,1,1
-1.2837,0.2347,Green,1,1
0.015,-1.0514,Green,1,1
0.7679,-0.7756,Green,1,1
-0.5199,-0.1861,Green,1,1
-0.1409,0.16,Green,1,1
-0.183,-0.0729,Green,1,1
-1.2171,-0.9896,Green,1,1
0.3849,0.278,Green,1,1
0.2304,-1.1131,Green,1,1
0.7703,-0.6451,Green,1,1
0.454,-2.4514,Green,1,1
-2.0996,0.7711,Green,1,1
-0.6516,2.2627,Green,1,1
-0.077,0.1249,Green,1,1
0.8493,-0.7114,Green,1,1
0.7598,-0.0569,Green,1,1
0.5577,-0.3914,Green,1,1
0.7678,0.1614,Green,1,1
1.279,-0.422,Green,1,1
1.1113,1.4716,Green,1,1
0.3675,0.9322,Green,1,1
-0.9056,0.9187,Green,1,1
-0.8267,-1.0371,Green,1,1
-1.0133,0.3663,Green,1,1
-0.618,0.5115,Green,1,1
-0.4815,-0.0449,Green,1,1
1.2261,0.9481,Green,1,1
0.2126,0.0551,Green,1,1
-0.3559,-1.2127,Green,1,1
0.3498,-0.614,Green,1,1
0.0333,-0.4539,Green,1,1
-1.773,-1.4743,Green,1,1
0.6228,-0.2581,Green,1,1
-0.6513,-0.6902,Green,1,1
-0.1371,1.0198,Green,1,1
-1.5928,-1.7856,Green,1,1
-0.8941,0.3893,Green,1,1
-0.9177,0.3222,Green,1,1
-0.7027,-0.7951,Green,1,1
-0.5891,2.3485,Green,1,1
-1.5735,-0.1471,Green,1,1
-0.1817,0.9742,Green,1,1
0.1821,-1.6564,Green,1,1
0.4006,-1.1736,Green,1,1
0.1451,-0.0145,Green,1,1
0.6285,0.0363,Green,1,1
-0.7681,-1.1464,Green,1,1
-0.3334,0.7833,Green,1,1
-0.5269,1.0242,Green,1,1
-0.0988,0.462,Green,1,1
-0.4456,-0.8786,Green,1,1
-0.3714,0.1029,Green,1,1
0.5471,-2.0775,Green,1,1
-0.4728,-1.1674,Green,1,1
0.3189,-0.6085,Green,1,1
-2.2401,0.4016,Green,1,1
0.6653,-1.5279,Green,1,1
-0.8235,2.2446,Green,1,1
-0.3333,0.7573,Green,1,1
-1.4147,-0.9187,Green,1,1
0.8225,0.3295,Green,1,1
-0.6349,0.6345,Green,1,1
0.2459,-0.5451,Green,1,1
-0.2782,1.3749,Green,1,1
-0.5912,-0.0418,Green,1,1
0.8946,-1.0043,Green,1,1
0.5392,0.5437,Green,1,1
0.4712,0.6666,Green,1,1
-0.4598,0.4109,Green,1,1
-1.2896,-2.1801,Green,1,1
0.6397,-0.3095,Green,1,1
-0.3052,-0.0462,Green,1,1
-0.1481,-0.4837,Green,1,1
-0.1063,-0.1962,Green,1,1
-0.6132,-0.5036,Green,1,1
1.2765,0.8601,Green,1,1
-0.1314,-0.3037,Green,1,1
0.9127,0.1759,Green,1,1
0.8179,0.5108,Green,1,1
-0.0708,-1.3672,Green,1,1
-1.2258,-0.8408,Green,1,1
-0.0642,-0.8183,Green,1,1
-1.3354,0.5503,Green,1,1
-2.5821,1.4532,Green,1,1
-0.1667,1.0044,Green,1,1
-1.0386,2.5062,Green,1,1
0.5863,1.2284,Green,1,1
-1.0285,1.9032,Green,1,1
1.1425,-0.4537,Green,1,1
0.474,1.1479,Green,1,1
-0.6027,0.6145,Green,1,1
-0.0025,1.963,Green,1,1
0.5824,0.1097,Green,1,1
0.3824,0.1862,Green,1,1
-1.141,1.1838,Green,1,1
0.341,-1.2664,Green,1,1
1.2019,0.2005,Green,1,1
0.6177,-0.6635,Green,1,1
-0.4987,-0.5781,Green,1,1
0.2769,1.708,Green,1,1
-0.1986,-0.9402,Green,1,1
-0.4312,-0.3701,Green,1,1
0.2184,-1.2481,Green,1,1
0.4283,-1.317,Green,1,1
-0.8148,0.3732,Green,1,1
2.426,1.0672,Green,1,1
0.3809,0.8569,Green,1,1
0.549,1.7962,Green,1,1
1.6637,-1.3793,Green,1,1
-0.4993,0.1477,Green,1,1
0.0611,-0.7845,Green,1,1
-0.5405,0.0424,Green,1,1
-0.7719,0.852,Green,1,1
-0.5038,0.7507,Green,1,1
-0.3668,1.502,Green,1,1
0.3539,0.3253,Green,1,1
-0.1838,-0.183,Green,1,1
0.868,-1.5796,Green,1,1
2.2169,0.3094,Green,1,1
-0.695,0.6931,Green,1,1
-1.3812,-2.8962,Green,1,1
-0.0543,1.667,Green,1,1
-0.6559,-0.4489,Green,1,1
2.669,-0.5307,Green,1,1
-0.2425,-0.7404,Green,1,1
-0.3571,1.263,Green,1,1
-0.5507,0.7509,Green,1,1
-0.3218,1.3875,Green,1,1
0.221,-0.8189,Green,1,1
0.8692,0.3839,Green,1,1
0.0104,-1.1352,Green,1,1
-0.1591,-0.1855,Green,1,1
0.6838,-0.3124,Green,1,1
1.3562,-0.0807,Green,1,1
-0.6156,0.8703,Green,1,1
-1.0901,1.3175,Green,1,1
1.7692,1.3108,Green,1,1
-1.1727,0.7594,Green,1,1
0.3873,1.2822,Green,1,1
0.0131,1.4568,Green,1,1
-0.0731,1.1977,Green,1,1
0.2644,-0.6404,Green,1,1
-1.1297,-0.3858,Green,1,1
0.3537,1.1624,Green,1,1
-1.2183,-0.6885,Green,1,1
-0.1627,0.3141,Green,1,1
1.6475,-2.4815,Green,1,1
-0.1487,1.6706,Green,1,1
-0.7465,-0.5448,Green,1,1
-0.4176,0.1914,Green,1,1
0.6415,-1.2747,Green,1,1
0.1351,-0.4154,Green,1,1
0.873,1.3036,Green,1,1
-0.3115,0.6581,Green,1,1
-1.4563,0.0786,Green,1,1
-1.1369,2.0605,Green,1,1
-0.2905,0.7896,Green,1,1
1.1066,0.139,Green,1,1
1.0012,2.5378,Green,1,1
-1.5485,0.5833,Green,1,1
0.6089,1.5526,Green,1,1
1.7022,-0.9041,Green,1,1
-0.6768,-0.6185,Green,1,1
-0.7676,1.0642,Green,1,1
1.5612,0.2879,Green,1,1
-0.4656,-0.4235,Green,1,1
-0.3123,-0.8519,Green,1,1
-2.1544,1.0924,Green,1,1
1.3377,1.5265,Green,1,1
-1.8002,0.598,Green,1,1
0.127,-0.6859,Green,1,1
0.4616,0.0226,Green,1,1
0.4238,0.0864,Green,1,1
0.0394,0.8591,Green,1,1
-0.6634,-1.3342,Green,1,1
0.0494,-0.8636,Green,1,1
2.0935,-1.3887,Green,1,1
0.2871,0.4423,Green,1,1
-1.2399,-0.6841,Green,1,1
0.5198,-0.7607,Green,1,1
0.7806,1.2578,Green,1,1
0.4545,0.1297,Green,1,1
-1.4686,1.1891,Green,1,1
-0.1812,-0.9445,Green,1,1
0.0039,-1.4515,Green,1,1
0.7253,-1.2655,Green,1,1
0.7388,-0.6651,Green,1,1
-0.9709,-1.5099,Green,1,1
-0.483,0.0722,Green,1,1
1.9044,-0.5968,Green,1,1
0.4664,-0.6583,Green,1,1
-0.4776,0.0321,Green,1,1
-1.357,-0.3917,Green,1,1
-1.9379,0.6,Green,1,1
-1.5745,-0.5804,Green,1,1
-0.4587,-1.4227,Green,1,1
-0.4872,-1.1846,Green,1,1
-0.7493,-0.3101,Green,1,1
-0.3036,0.4825,Green,1,1
-0.0727,-1.72,Green,1,1
1.136,-0.8491,Green,1,1
-0.7337,-1.9428,Green,1,1
2.1629,0.2162,Green,1,1
0.0233,0.818,Green,1,1
-0.4748,-0.8986,Green,1,1
-0.0509,-1.4636,Green,1,1
0.6148,-0.1059,Green,1,1
2.4062,1.0557,Green,1,1
-0.025,-0.1547,Green,1,1
1.2267,0.2301,Green,1,1
0.2952,-0.254,Green,1,1
-0.9747,0.6466,Green,1,1
-0.6724,1.0408,Green,1,1
0.6129,-0.0218,Green,1,1
-0.6911,1.632,Green,1,1
-0.529,0.2687,Green,1,1
-0.8371,0.4648,Green,1,1
0.8443,-0.1954,Green,1,1
-0.266,-0.3895,Green,1,1
-1.3108,-0.5889,Green,1,1
-1.1018,0.803,Green,1,1
0.9557,0.8157,Green,1,1
-2.7288,-1.7497,Green,1,1
-0.0944,1.4502,Green,1,1
-0.5099,-1.2623,Green,1,1
0.0173,-0.8917,Green,1,1
1.1528,-1.3336,Green,1,1
1.4463,0.815,Green,1,1
0.8158,0.4841,Green,1,1
-1.6727,0.1096,Green,1,1
0.4738,-1.4657,Green,1,1
-0.3655,0.8101,Green,1,1
-0.7469,1.4573,Green,1,1
-0.8291,-0.2639,Green,1,1
0.5426,0.8274,Green,1,1
-1.4601,0.971,Green,1,1
-2.0946,-0.1624,Green,1,1
0.7124,0.0308,Green,1,1
0.6309,0.1382,Green,1,1
-1.9737,-0.276,Green,1,1
-0.3413,0.7599,Green,1,1
-0.5396,0.0917,Green,1,1
1.5737,0.9218,Green,1,1
-0.7233,-0.863,Green,1,1
0.0878,0.0411,Green,1,1
-0.3199,0.8363,Green,1,1
-0.8233,1.2103,Green,1,1
-0.2649,-0.8328,Green,1,1
-0.8055,0.1051,Green,1,1
0.4951,-0.6524,Green,1,1
-0.4718,-1.2443,Green,1,1
0.8044,-1.111,Green,1,1
-0.5358,1.3229,Green,1,1
0.0145,0.5112,Green,1,1
0.8693,-0.111,Green,1,1
1.1636,-1.1913,Green,1,1
1.9606,0.2971,Green,1,1
0.3128,-0.6626,Green,1,1
0.1236,-0.8349,Green,1,1
1.5068,1.0491,Green,1,1
0.1947,0.4315,Green,1,1
-1.5879,0.4955,Green,1,1
0.2087,1.5301,Green,1,1
-0.3638,0.7136,Green,1,1
-1.3879,-0.0535,Green,1,1
0.3731,-0.3654,Green,1,1
-0.4734,0.5094,Green,1,1
-0.0644,0.3809,Green,1,1
-0.2992,-0.37,Green,1,1
-1.7037,-2.4404,Green,1,1
-0.3694,0.0995,Green,1,1
1.5452,1.0073,Green,1,1
-0.2047,-1.0777,Green,1,1
-0.5069,-2.14,Green,1,1
-0.5855,-1.0795,Green,1,1
-1.3019,0.1703,Green,1,1
-1.6764,0.0234,Green,1,1
-0.2118,1.039,Green,1,1
0.7224,-0.5254,Green,1,1
0.6185,-0.447,Green,1,1
0.1189,-1.6715,Green,1,1
-0.9881,2.6643,Green,1,1
0.4806,-0.5731,Green,1,1
-0.5841,1.5458,Green,1,1
-0.4314,-1.8446,Green,1,1
-0.1878,2.683,Green,1,1
-0.1007,0.4385,Green,1,1
-0.1926,1.1412,Green,1,1
0.0562,-1.5264,Green,1,1
1.4058,-0.2297,Green,1,1
0.5612,1.7809,Green,1,1
1.5904,0.7559,Green,1,1
0.5828,1.2948,Green,1,1
0.8487,0.738,Green,1,1
-1.7149,-0.6183,Green,1,1
-0.9728,-1.3698,Green,1,1
-0.4743,0.6163,Green,1,1
-1.6103,1.5335,Green,1,1
0.3578,0.5496,Green,1,1
0.0526,-1.5748,Green,1,1
-0.071,1.1013,Green,1,1
-0.8963,-0.8293,Green,1,1
0.8611,-0.8671,Green,1,1
1.1361,-0.7374,Green,1,1
1.8044,-1.431,Green,1,1
-0.1482,1.3575,Green,1,1
-0.7239,0.3327,Green,1,1
0.2391,-1.8594,Green,1,1
0.1482,-0.2833,Green,1,1
-2.6433,1.1365,Green,1,1
0.3068,-1.0348,Green,1,1
0.3662,-1.0869,Green,1,1
-0.0467,0.8253,Green,1,1
0.4365,-0.1662,Green,1,1
0.4072,0.7815,Green,1,1
-0.5022,0.3406,Green,1,1
-0.0083,-0.4878,Green,1,1
0.3462,0.7243,Green,1,1
0.5574,0.9173,Green,1,1
-1.8283,1.2106,Green,1,1
-0.0213,-0.7562,Green,1,1
-0.618,-1.173,Green,1,1
0.0086,0.7084,Green,1,1
-0.1205,0.5484,Green,1,1
-1.1599,0.8613,Green,1,1
-0.2158,-0.7576,Green,1,1
-0.3207,1.1775,Green,1,1
0.4364,0.5375,Green,1,1
-0.7389,-1.4671,Green,1,1
1.5284,0.678,Green,1,1
1.3741,-1.0431,Green,1,1
0.8464,0.9523,Green,1,1
0.9574,0.6245,Green,1,1
-2.0787,1.0458,Green,1,1
-1.7568,1.7223,Green,1,1
-0.2534,1.4103,Green,1,1
0.884,-0.7038,Green,1,1
-1.558,-1.8169,Green,1,1
0.5128,1.6434,Green,1,1
0.7057,0.5394,Green,1,1
-0.1387,-1.2786,Green,1,1
-0.0475,-1.8106,Green,1,1
-1.6526,-1.5117,Green,1,1
0.3522,1.0349,Green,1,1
-0.473,-0.2879,Green,1,1
1.8595,-1.0075,Green,1,1
-0.2302,0.155,Green,1,1
-1.6729,1.0908,Green,1,1
-0.3628,1.2839,Green,1,1
0.1959,1.1909,Green,1,1
0.3175,1.9573,Green,1,1
-1.4291,0.4662,Green,1,1
-0.4128,-0.767,Green,1,1
-1.2222,-1.766,Green,1,1
-1.2639,0.8806,Green,1,1
-0.0439,0.3919,Green,1,1
-1.1256,0.0557,Green,1,1
1.0988,-0.1776,Green,1,1
-1.6687,-1.1642,Green,1,1
-0.8108,0.0644,Green,1,1
-0.1682,-1.2257,Green,1,1
-0.8499,-1.481,Green,1,1
-1.1975,0.474,Green,1,1
0.5153,1.1288,Green,1,1
-0.9408,-0.0383,Green,1,1
-0.4174,1.6542,Green,1,1
1.4782,-1.3364,Green,1,1
-0.2663,0.4664,Green,1,1
-1.3259,-1.5807,Green,1,1
0.6543,-0.7683,Green,1,1
0.64,-0.3416,Green,1,1
0.328,-0.488,Green,1,1
-1.0805,-1.0985,Green,1,1
-1.879,-0.856,Green,1,1
1.4954,0.0782,Green,1,1
-2.1959,0.9654,Green,1,1
-1.6328,0.7609,Green,1,1
-0.4901,0.264,Green,1,1
-0.5747,0.1099,Green,1,1
1.0662,-0.9519,Green,1,1
-0.5331,-0.8258,Green,1,1
-0.9095,-0.7699,Green,1,1
1.1641,-0.9118,Green,1,1
-0.7095,1.7977,Green,1,1
2.083,0.689,Green,1,1
-0.3567,-0.7928,Green,1,1
-0.005,-1.5077,Green,1,1
0.1216,1.9155,Green,1,1
0.4199,-0.7062,Green,1,1
0.5198,0.205,Green,1,1
-0.5413,0.533,Green,1,1
-0.827,-0.4791,Green,1,1
0.2416,0.1446,Green,1,1
0.0939,-0.5408,Green,1,1
-1.0148,0.3256,Green,1,1
-1.5446,0.733,Green,1,1
0.1664,0.0155,Green,1,1
2.3299,-0.1366,Green,1,1
0.491,0.3638,Green,1,1
-1.8696,-0.059,Green,1,1
-1.9413,0.0205,Green,1,1
-0.8382,-0.8576,Green,1,1
0.0237,1.4072,Green,1,1
0.0446,-0.1437,Green,1,1
0.2686,-1.1146,Green,1,1
-1.5371,0.3707,Green,1,1
-0.3026,-0.1776,Green,1,1
1.5167,0.9553,Green,1,1
-0.9278,-0.7337,Green,1,1
-0.8708,0.2183,Green,1,1
-0.6986,1.5913,Green,1,1
-0.4947,-0.7365,Green,1,1
-0.9167,1.4897,Green,1,1
-0.0206,2.1724,Green,1,1
-0.312,0.1166,Green,1,1
-1.0096,-0.8234,Green,1,1
-0.0447,2.9812,Green,1,1
-0.0195,0.2319,Green,1,1
-0.8161,1.4363,Green,1,1
0.1516,1.703,Green,1,1
0.2444,0.8898,Green,1,1
0.0244,-0.2515,Green,1,1
-0.8236,1.5395,Green,1,1
-0.9105,0.0923,Green,1,1
-1.4257,1.738,Green,1,1
0.7958,1.7487,Green,1,1
0.4319,-0.1322,Green,1,1
-1.1827,-0.4362,Green,1,1
0.3701,-1.4074,Green,1,1
0.148,0.2772,Green,1,1
1.4702,0.257,Green,1,1
-1.0695,-0.256,Green,1,1
-0.3417,-0.8109,Green,1,1
-2.321,-0.3225,Green,1,1
1.4691,-1.4992,Green,1,1
1.3291,-1.5748,Green,1,1
-0.6544,0.9993,Green,1,1
2.9388,0.1836,Green,1,1
-1.3363,0.7638,Green,1,1
0.5735,0.8655,Green,1,1
0.2087,-0.841,Green,1,1
-0.6392,-0.3391,Green,1,1
0.1084,-1.1214,Green,1,1
-1.2245,-1.9963,Green,1,1
-1.0853,0.3741,Green,1,1
-0.4624,0.5791,Green,1,1
0.6544,1.8338,Green,1,1
-0.9165,-0.6433,Green,1,1
-0.2223,-0.3356,Green,1,1
0.1701,0.9374,Green,1,1
1.6907,-0.0156,Green,1,1
-0.13,1.3375,Green,1,1
-0.0387,-0.7805,Green,1,1
-0.0731,-0.1672,Green,1,1
0.4744,-1.4639,Green,1,1
-0.0111,-1.8568,Green,1,1
0.5966,-1.2782,Green,1,1
-1.1339,-0.1018,Green,1,1
-0.3256,0.4478,Green,1,1
-1.4556,1.6591,Green,1,1
-1.0062,0.8268,Green,1,1
-1.5654,1.2231,Green,1,1
0.8209,0.5508,Green,1,1
-1.406,-1.2261,Green,1,1
-0.1064,-0.7252,Green,1,1
-0.6484,-1.497,Green,1,1
0.9865,0.0563,Green,1,1
-0.3664,-1.0621,Green,1,1
0.7211,-1.5543,Green,1,1
-1.7201,0.1468,Green,1,1
-1.7761,-0.1997,Green,1,1
1.6031,0.976,Green,1,1
1.4898,0.6588,Green,1,1
1.5806,0.8997,Green,1,1
0.8073,-0.962,Green,1,1
1.1319,1.1138,Green,1,1
-0.3434,0.4508,Green,1,1
-1.3048,-0.0877,Green,1,1
0.4139,-0.4976,Green,1,1
0.2507,0.9761,Green,1,1
0.6348,1.7017,Green,1,1
-0.0217,-1.1818,Green,1,1
-1.5268,-0.6206,Green,1,1
-0.2071,1.2363,Green,1,1
-1.3287,-1.2301,Green,1,1
-0.5663,-0.0563,Green,1,1
-0.8935,0.9892,Green,1,1
2.2105,-1.1532,Green,1,1
-0.5307,1.254,Green,1,1
0.6529,2.0534,Green,1,1
0.8819,0.5154,Green,1,1
0.106,-0.1236,Green,1,1
0.3642,-0.5919,Green,1,1
0.2847,0.2267,Green,1,1
-0.8623,0.2683,Green,1,1
0.9994,-0.9729,Green,1,1
0.5691,1.4623,Green,1,1
0.3471,0.4162,Green,1,1
-0.3583,0.8745,Green,1,1
0.8115,0.5484,Green,1,1
-0.5927,-0.5625,Green,1,1
1.254,-1.1856,Green,1,1
0.5853,0.6497,Green,1,1
-0.2138,0.5319,Green,1,1
0.3312,0.2658,Green,1,1
-1.4023,-0.3541,Green,1,1
0.1986,0.9465,Green,1,1
2.0894,-0.8564,Green,1,1
-0.23,-0.1637,Green,1,1
-0.1724,-1.5999,Green,1,1
-0.4878,-1.5576,Green,1,1
0.0762,0.2828,Green,1,1
0.2496,-0.4413,Green,1,1
-0.5726,0.5491,Green,1,1
-0.1883,-0.5322,Green,1,1
-1.6253,-0.9698,Green,1,1
-0.2069,-0.5764,Green,1,1
-0.065,-0.958,Green,1,1
-0.8688,-0.4781,Green,1,1
-0.719,-1.6284,Green,1,1
1.0164,1.0482,Green,1,1
-0.8485,-0.3358,Green,1,1
0.3796,-0.5446,Green,1,1
-1.7555,1.4842,Green,1,1
-0.1567,0.3384,Green,1,1
0.6908,1.6973,Green,1,1
0.9207,1.6026,Green,1,1
2.3015,0.65,Green,1,1
-0.1542,-1.1592,Green,1,1
-2.5609,-0.6591,Green,1,1
0.596,0.0032,Green,1,1
-0.6831,0.3714,Green,1,1
0.9982,-0.2689,Green,1,1
1.0982,-0.7438,Green,1,1
-0.6346,-0.2903,Green,1,1
1.8857,-1.8281,Green,1,1
-2.3978,-0.4053,Green,1,1
2.0591,0.0135,Green,1,1
-0.6573,-0.6721,Green,1,1
1.8336,-0.8187,Green,1,1
0.789,2.1646,Green,1,1
1.1197,0.6254,Green,1,1
-0.0687,0.6939,Green,1,1
0.6413,-0.4283,Green,1,1
0.428,-0.311,Green,1,1
1.3755,0.6519,Green,1,1
0.7176,-0.4937,Green,1,1
-0.1806,-0.1647,Green,1,1
-0.4097,-0.7381,Green,1,1
1.0893,0.2258,Green,1,1
0.7657,-1.124,Green,1,1
-0.0106,0.2777,Green,1,1
0.0561,0.1515,Green,1,1
0.5993,-0.003,Green,1,1
-0.5075,0.819,Green,1,1
-0.403,-1.8652,Green,1,1
0.2165,-1.2048,Green,1,1
-0.5301,-0.7727,Green,1,1
0.3685,0.1382,Green,1,1
0.3748,1.1592,Green,1,1
-0.7408,-0.4671,Green,1,1
-0.2229,2.3662,Green,1,1
-1.0871,-1.4282,Green,1,1
-0.823,-0.091,Green,1,1
1.2783,1.8226,Green,1,1
0.2519,0.3491,Green,1,1
0.2688,1.4408,Green,1,1
0.8729,1.2349,Green,1,1
0.425,0.4589,Green,1,1
0.2955,-1.0045,Green,1,1
-0.3909,1.2773,Green,1,1
-1.9202,0.0806,Green,1,1
-0.5949,0.8823,Green,1,1
-0.3615,1.0717,Green,1,1
0.993,0.5586,Green,1,1
1.0605,0.3765,Green,1,1
0.5008,0.6905,Green,1,1
-0.4945,0.6808,Green,1,1
0.28,2.028,Green,1,1
0.1487,0.6062,Green,1,1
-2.2443,0.8674,Green,1,1
1.5215,1.4872,Green,1,1
-0.3818,2.1099,Green,1,1
0.4169,-0.2253,Green,1,1
-0.0509,0.1392,Green,1,1
0.0279,1.865,Green,1,1
0.4987,0.766,Green,1,1
-1.4081,-0.3335,Green,1,1
-0.4535,0.6299,Green,1,1
-0.187,0.4238,Green,1,1
1.9462,-2.4404,Green,1,1
-0.4816,1.4817,Green,1,1
-0.5854,-2.3978,Green,1,1
-0.6775,0.6065,Green,1,1
1.2338,1.0242,Green,1,1
-1.1577,-0.5767,Green,1,1
-1.4897,0.7743,Green,1,1
1.8514,-0.2741,Green,1,1
0.547,-0.9476,Green,1,1
0.4948,2.8957,Green,1,1
0.4166,-0.0849,Green,1,1
0.5019,-0.4782,Green,1,1
0.561,-0.9671,Green,1,1
-0.9191,-1.4007,Green,1,1
-2.5139,0.0651,Green,1,1
-0.2302,-0.632,Green,1,1
1.8177,-0.4492,Green,1,1
1.0277,-0.3061,Green,1,1
0.1515,0.6548,Green,1,1
0.8846,0.7599,Green,1,1
1.2521,-0.5891,Green,1,1
1.2602,2.0767,Green,1,1
0.7236,0.8952,Green,1,1
-1.1982,0.2528,Green,1,1
-0.2614,1.6203,Green,1,1
1.314,0.6433,Green,1,1
-0.0015,-0.3006,Green,1,1
0.2501,-0.1256,Green,1,1
-1.664,-1.6224,Green,1,1
-1.0497,0.9284,Green,1,1
0.3583,-0.2122,Green,1,1
0.8137,-1.5357,Green,1,1
1.7912,1.7075,Green,1,1
1.4275,-0.305,Green,1,1
0.7475,0.3132,Green,1,1
2.1529,-0.8157,Green,1,1
0.2299,-0.7062,Green,1,1
-1.1472,2.3107,Green,1,1
-0.1654,0.1455,Green,1,1
-0.5147,0.1076,Green,1,1
-0.2147,-0.5019,Green,1,1
-0.488,-1.9341,Green,1,1
-0.7801,0.7265,Green,1,1
-1.6693,0.93,Green,1,1
-1.3493,-1.3785,Green,1,1
1.9508,-0.3178,Green,1,1
-0.0974,0.1094,Green,1,1
0.1498,-0.0566,Green,1,1
0.5185,0.7285,Green,1,1
-2.411,-0.3143,Green,1,1
1.4865,1.2772,Green,1,1
0.2213,1.2837,Green,1,1
-1.7261,-0.4357,Green,1,1
1.75,-0.9808,Green,1,1
-0.7819,1.0408,Green,1,1
0.6984,-0.5015,Green,1,1
-0.0731,-0.229,Green,1,1
-0.6434,-0.3439,Green,1,1
2.1333,0.764,Green,1,1
-0.4616,-0.253,Green,1,1
-0.0233,0.1139,Green,1,1
-0.5372,-1.5429,Green,1,1
0.3009,-0.3081,Green,1,1
-0.342,-0.7938,Green,1,1
-0.04,0.4864,Green,1,1
1.6552,0.9416,Green,1,1
-1.4336,0.011,Green,1,1
-1.7059,0.8301,Green,1,1
-0.1047,0.5772,Green,1,1
-0.0822,1.2011,Green,1,1
-1.1682,-0.3239,Green,1,1
0.0592,0.7406,Green,1,1
-1.4257,-0.2768,Green,1,1
-0.42,0.4813,Green,1,1
-1.3137,-1.6241,Green,1,1
-1.4639,0.3586,Green,1,1
-0.0641,-0.3279,Green,1,1
2.453,0.0217,Green,1,1
0.2371,0.3302,Green,1,1
0.0118,-1.3564,Green,1,1
-0.4015,0.7401,Green,1,1
0.4991,1.5219,Green,1,1
1.1401,0.3863,Green,1,1
1.3887,0.2445,Green,1,1
-0.1818,-0.2644,Green,1,1
0.9329,1.4818,Green,1,1
0.2144,0.2972,Green,1,1
0.7272,0.2119,Green,1,1
0.6769,-1.7468,Green,1,1
-1.3707,1.4647,Green,1,1
-0.5557,-0.2825,Green,1,1
-1.2025,0.3169,Green,1,1
-0.5087,0.4172,Green,1,1
-0.8772,0.2188,Green,1,1
-0.1197,-1.2368,Green,1,1
0.8615,-0.9979,Green,1,1
0.7491,1.8442,Green,1,1
1.4699,-0.607,Green,1,1
1.4325,0.0607,Green,1,1
-0.866,0.2436,Green,1,1
-1.1576,0.8955,Green,1,1
-0.954,-1.0325,Green,1,1
-0.4928,-1.1989,Green,1,1
0.1772,1.9983,Green,1,1
-0.432,0.5033,Green,1,1
0.3622,-1.2425,Green,1,1
-0.4516,1.528,Green,1,1
0.6111,-0.2682,Green,1,1
1.0434,0.8968,Green,1,1
0.6652,0.3377,Green,1,1
-0.4106,-3.2347,Green,1,1
-0.1503,1.7326,Green,1,1
1.6925,-0.5702,Green,1,1
-0.1829,0.8247,Green,1,1
-0.935,0.0002,Green,1,1
-1.3558,-0.9107,Green,1,1
-0.0806,0.9022,Green,1,1
-0.017,1.7111,Green,1,1
0.0754,-0.5181,Green,1,1
-0.017,0.8193,Green,1,1
-1.36,0.0619,Green,1,1
0.4587,1.9882,Green,1,1
-0.5592,0.9307,Green,1,1
-1.2366,0.3878,Green,1,1
1.7291,-0.1896,Green,1,1
-1.0722,-0.0778,Green,1,1
-0.6898,1.8047,Green,1,1
-0.7769,0.2725,Green,1,1
1.747,-1.0132,Green,1,1
-0.3701,-0.0957,Green,1,1
-0.743,0.6305,Green,1,1
2.1049,1.2382,Green,1,1
0.2223,-1.3899,Green,1,1
0.2859,0.7208,Green,1,1
-0.8402,1.2266,Green,1,1
0.6357,-1.5025,Green,1,1
2.5478,-0.0041,Green,1,1
-1.7073,-0.9231,Green,1,1
2.9741,-0.0535,Green,1,1
0.4341,1.2338,Green,1,1
1.3032,0.187,Green,1,1
0.9539,-0.3728,Green,1,1
-0.7155,-1.8524,Green,1,1
1.9685,-1.1273,Green,1,1
0.5268,-0.8684,Green,1,1
-0.5556,-0.8278,Green,1,1
0.8644,-0.5891,Green,1,1
1.0961,0.9136,Green,1,1
-0.6998,0.2105,Green,1,1
0.8277,-0.8093,Green,1,1
-0.4798,-0.5257,Green,1,1
-1.2829,-0.4328,Green,1,1
-0.4791,1.3051,Green,1,1
-1.0127,-1.2814,Green,1,1
-0.9396,-1.0858,Green,1,1
0.4494,-1.0425,Green,1,1
0.4099,-0.467,Green,1,1
-1.0423,-0.1459,Green,1,1
-0.8561,-0.6832,Green,1,1
0.1115,0.1728,Green,1,1
0.0473,1.9026,Green,1,1
-1.1307,-0.9543,Green,1,1
-0.3696,-1.2292,Green,1,1
-1.0317,-0.1498,Green,1,1
-1.0207,-0.7533,Green,1,1
1.5409,-0.0383,Green,1,1
-0.1101,0.7782,Green,1,1
2.5952,0.4695,Green,1,1
-1.9174,0.5907,Green,1,1
-0.441,1.2161,Green,1,1
-0.2397,0.2937,Green,1,1
-0.2175,0.641,Green,1,1
0.0144,-1.9581,Green,1,1
-1.0932,-0.5197,Green,1,1
2.2719,-0.3831,Green,1,1
-0.0481,2.2637,Green,1,1
0.3096,-0.4299,Green,1,1
-0.4297,-0.3719,Green,1,1
0.7379,-0.0033,Green,1,1
-1.3595,1.525,Green,1,1
-1.082,0.8987,Green,1,1
0.0578,0.8581,Green,1,1
1.2324,0.563,Green,1,1
-1.3633,-1.2635,Green,1,1
-0.1789,-1.8987,Green,1,1
1.0303,-1.2194,Green,1,1
-0.6936,1.7854,Green,1,1
-0.1002,0.6162,Green,1,1
-0.0461,2.0303,Green,1,1
0.8592,-0.7144,Green,1,1
0.1152,1.0813,Green,1,1
-0.0901,-0.2044,Green,1,1
-0.4024,-0.224,Green,1,1
0.1987,-0.034,Green,1,1
-1.258,0.9922,Green,1,1
0.9342,0.491,Green,1,1
-0.934,-0.3008,Green,1,1
1.3817,0.8713,Green,1,1
-1.039,-0.6273,Green,1,1
1.1565,-0.9961,Green,1,1
-0.8195,-0.6385,Green,1,1
-0.4548,-1.6149,Green,1,1
-0.676,0.8067,Green,1,1
1.9394,-0.1327,Green,1,1
0.6657,-1.0313,Green,1,1
-0.842,-1.0988,Green,1,1
-0.8833,-1.2976,Green,1,1
1.7053,0.4764,Green,1,1
0.4677,1.0091,Green,1,1
-0.699,-0.4301,Green,1,1
-1.0692,-0.9688,Green,1,1
-0.4873,-0.0471,Green,1,1
-0.7107,1.165,Green,1,1
-0.323,0.1673,Green,1,1
-0.4786,0.4471,Green,1,1
0.0859,-0.0727,Green,1,1
3.4739,0.0267,Red,2,1
1.5914,0.3805,Red,2,1
2.5746,0.1347,Red,2,1
2.6565,-0.5408,Red,2,1
3.2172,-0.5886,Red,2,1
2.094,-0.8985,Red,2,1
2.6245,-1.2351,Red,2,1
2.1563,-1.0601,Red,2,1
2.2075,0.4124,Red,2,1
2.5978,0.3677,Red,2,1
1.9666,0.1326,Red,2,1
1.8746,0.4362,Red,2,1
1.3995,0.4133,Red,2,1
2.3302,0.5352,Red,2,1
2.7204,0.7107,Red,2,1
2.7157,-0.019,Red,2,1
2.9446,0.4877,Red,2,1
2.2724,-0.587,Red,2,1
2.1974,0.1565,Red,2,1
1.85,0.5076,Red,2,1
2.565,0.4078,Red,2,1
2.8365,0.5674,Red,2,1
1.4092,-0.1241,Red,2,1
2.5836,-0.3111,Red,2,1
2.678,0.7322,Red,2,1
2.1111,0.6752,Red,2,1
2.3895,-0.2368,Red,2,1
2.5342,-0.3392,Red,2,1
2.7848,0.3451,Red,2,1
1.3518,-0.2667,Red,2,1
2.1653,0.7377,Red,2,1
3.5652,0.2716,Red,2,1
1.6827,-0.9816,Red,2,1
3.1552,-0.1322,Red,2,1
1.7482,0.4087,Red,2,1
2.0503,-0.0375,Red,2,1
2.9656,0.1367,Red,2,1
1.1486,1.6415,Red,2,1
2.2679,-0.4734,Red,2,1
2.291,0.617,Red,2,1
2.2497,-0.7296,Red,2,1
1.9972,0.206,Red,2,1
1.9926,-0.2967,Red,2,1
2.2029,-0.846,Red,2,1
2.2453,0.4809,Red,2,1
3.1125,-1.0787,Red,2,1
2.5214,0.3894,Red,2,1
1.8425,-0.6872,Red,2,1
2.6757,-0.4939,Red,2,1
2.2377,0.9345,Red,2,1
2.3506,-0.1628,Red,2,1
2.3133,0.3866,Red,2,1
3.2325,0.2298,Red,2,1
2.2325,-0.4926,Red,2,1
2.3361,-0.3994,Red,2,1
2.529,0.0014,Red,2,1
2.0073,-0.0504,Red,2,1
2.2974,0.0864,Red,2,1
2.2873,-0.3054,Red,2,1
2.9022,-0.5984,Red,2,1
2.6095,-0.8273,Red,2,1
3.1004,-0.0289,Red,2,1
3.2253,-0.0797,Red,2,1
2.6639,-0.3988,Red,2,1
2.1481,-0.2203,Red,2,1
2.7378,-0.0245,Red,2,1
3.2847,0.4546,Red,2,1
2.5853,0.2645,Red,2,1
2.6945,-0.6017,Red,2,1
2.5226,0.6326,Red,2,1
3.3609,0.0407,Red,2,1
1.9411,-0.0984,Red,2,1
2.9512,-0.7302,Red,2,1
2.2531,-0.1846,Red,2,1
2.388,0.1481,Red,2,1
1.2039,0.1681,Red,2,1
2.7436,0.355,Red,2,1
1.8063,-0.776,Red,2,1
2.1651,-0.5942,Red,2,1
2.84,0.9861,Red,2,1
3.2626,-0.1363,Red,2,1
2.3986,-0.2853,Red,2,1
2.7141,0.542,Red,2,1
2.5068,-0.2082,Red,2,1
2.0401,-0.1052,Red,2,1
2.7897,0.5295,Red,2,1
3.0105,-0.2068,Red,2,1
2.2424,0.6229,Red,2,1
2.1934,0.3636,Red,2,1
2.3604,-0.172,Red,2,1
2.1331,0.3246,Red,2,1
2.6669,-0.2056,Red,2,1
1.1906,1.321,Red,2,1
3.0758,-1.1855,Red,2,1
2.2486,-0.2896,Red,2,1
2.3039,-0.2892,Red,2,1
2.904,-1.0854,Red,2,1
1.7132,-0.6719,Red,2,1
2.0346,-0.8327,Red,2,1
1.8858,0.1564,Red,2,1
2.5112,0.1716,Red,2,1
2.139,0.604,Red,2,1
2.4581,0.2332,Red,2,1
2.4047,0.1591,Red,2,1
3.1659,0.1942,Red,2,1
1.6038,-0.0294,Red,2,1
2.412,0.9803,Red,2,1
4.0913,0.5297,Red,2,1
2.9554,0.8732,Red,2,1
2.2434,0.0281,Red,2,1
2.3044,0.2834,Red,2,1
2.3629,0.6587,Red,2,1
2.6766,0.2944,Red,2,1
2.7009,-0.6836,Red,2,1
3.7424,0.0529,Red,2,1
1.6361,-0.0688,Red,2,1
2.9228,-0.4356,Red,2,1
2.7944,-0.1135,Red,2,1
2.0022,-0.6294,Red,2,1
2.5371,-0.3225,Red,2,1
2.3261,-0.0504,Red,2,1
2.7621,0.1375,Red,2,1
3.0427,0.3051,Red,2,1
2.9873,-0.13,Red,2,1
2.8938,1.4474,Red,2,1
3.1395,-1.2671,Red,2,1
3.3585,-0.708,Red,2,1
3.0805,-0.3548,Red,2,1
2.8722,0.4129,Red,2,1
2.5328,0.8533,Red,2,1
2.0894,0.3515,Red,2,1
2.6697,0.4763,Red,2,1
2.3308,-0.8915,Red,2,1
2.7118,-0.6142,Red,2,1
3.3969,-0.0734,Red,2,1
1.9348,-0.1272,Red,2,1
1.5657,-0.0611,Red,2,1
2.2596,-0.2181,Red,2,1
2.6214,0.3906,Red,2,1
2.0829,-0.117,Red,2,1
2.8652,0.146,Red,2,1
2.7895,-0.1621,Red,2,1
3.019,-0.32,Red,2,1
3.3811,-0.1595,Red,2,1
2.5672,-0.6369,Red,2,1
2.5354,-0.0362,Red,2,1
2.3618,0.1772,Red,2,1
2.7441,-0.9872,Red,2,1
3.1668,0.174,Red,2,1
2.8497,-0.7233,Red,2,1
2.6099,-0.3733,Red,2,1
1.0471,0.3662,Red,2,1
2.3646,0.038,Red,2,1
2.7629,0.125,Red,2,1
2.3129,0.0224,Red,2,1
3.6388,0.2555,Red,2,1
2.4606,-0.9245,Red,2,1
2.391,-0.8491,Red,2,1
2.7107,-0.6713,Red,2,1
2.5242,-0.0839,Red,2,1
2.1837,0.6234,Red,2,1
2.9149,-0.8607,Red,2,1
2.4548,0.7047,Red,2,1
2.8976,-0.2625,Red,2,1
2.3726,-0.2511,Red,2,1
2.3288,0.0117,Red,2,1
2.3037,-0.2943,Red,2,1
2.3422,-0.0752,Red,2,1
2.6032,1.0038,Red,2,1
2.8872,-0.1306,Red,2,1
3.1282,0.0244,Red,2,1
2.1036,-0.1496,Red,2,1
1.8013,0.5347,Red,2,1
2.4891,-0.8071,Red,2,1
3.0071,0.6888,Red,2,1
2.6863,-0.4755,Red,2,1
2.1794,0.1658,Red,2,1
2.536,0.781,Red,2,1
2.1944,-0.5722,Red,2,1
1.7524,-0.2534,Red,2,1
3.3669,-0.16,Red,2,1
2.0311,-0.204,Red,2,1
2.5251,-0.9839,Red,2,1
1.9984,0.3331,Red,2,1
2.5665,0.6116,Red,2,1
1.6715,0.3989,Red,2,1
2.1469,-0.7971,Red,2,1
2.2091,-0.9501,Red,2,1
2.4266,-0.0215,Red,2,1
2.9053,0.3597,Red,2,1
2.8967,0.6903,Red,2,1
2.4226,0.0203,Red,2,1
2.563,0.883,Red,2,1
2.0517,0.0316,Red,2,1
2.4995,-1.0454,Red,2,1
2.9994,0.2092,Red,2,1
2.4823,0.6675,Red,2,1
2.1748,-0.3582,Red,2,1
2.7857,0.1978,Red,2,1
2.9501,0.3106,Red,2,1
2.7275,1.1937,Red,2,1
2.3395,0.7119,Red,2,1
2.7018,0.768,Red,2,1
2.6773,-0.3784,Red,2,1
3.8903,-0.4242,Red,2,1
3.078,0.8998,Red,2,1
2.6523,-0.0827,Red,2,1
2.501,0.5325,Red,2,1
2.6161,-0.1569,Red,2,1
2.4277,-0.8234,Red,2,1
2.7414,-1.3509,Red,2,1
2.8188,-0.2029,Red,2,1
2.7516,0.2396,Red,2,1
2.7596,-0.2826,Red,2,1
2.0489,-0.7547,Red,2,1
2.9249,-0.8018,Red,2,1
2.942,0.6425,Red,2,1
2.6549,0.3647,Red,2,1
2.4941,-0.132,Red,2,1
1.7965,0.2644,Red,2,1
1.7137,0.344,Red,2,1
2.452,0.0828,Red,2,1
2.299,-0.8495,Red,2,1
3.4052,-0.2295,Red,2,1
2.8722,0.0971,Red,2,1
2.0802,-0.4052,Red,2,1
1.9975,0.4287,Red,2,1
2.4676,0.8262,Red,2,1
3.324,-0.4158,Red,2,1
1.8136,0.3452,Red,2,1
2.7877,-0.5304,Red,2,1
2.3694,0.8052,Red,2,1
2.5229,-0.1359,Red,2,1
2.5136,0.5728,Red,2,1
2.6177,0.2163,Red,2,1
2.1582,-0.2213,Red,2,1
2.6549,-0.257,Red,2,1
2.6582,-0.5514,Red,2,1
1.9002,-0.7969,Red,2,1
2.4803,-1.2736,Red,2,1
2.4808,0.2945,Red,2,1
2.1685,0.7745,Red,2,1
2.2436,0.4668,Red,2,1
1.8641,0.6515,Red,2,1
1.9996,0.708,Red,2,1
3.0671,0.552,Red,2,1
2.8829,-0.1689,Red,2,1
3.3151,0.411,Red,2,1
2.8288,0.1962,Red,2,1
2.7084,-0.4419,Red,2,1
2.2731,0.0055,Red,2,1
3.172,0.1387,Red,2,1
2.5349,-0.3404,Red,2,1
1.7766,0.4147,Red,2,1
2.7617,0.6544,Red,2,1
2.5499,0.4776,Red,2,1
3.8962,-0.2493,Red,2,1
2.4446,0.1584,Red,2,1
2.5572,-0.2481,Red,2,1
2.4184,0.4065,Red,2,1
1.9484,-0.3251,Red,2,1
2.4396,-0.633,Red,2,1
1.565,-0.0643,Red,2,1
2.189,0.4012,Red,2,1
3.033,0.1463,Red,2,1
2.2544,-0.2152,Red,2,1
3.4224,-0.5715,Red,2,1
1.6928,-0.1618,Red,2,1
1.9671,-0.6262,Red,2,1
2.4277,-0.3436,Red,2,1
2.5048,0.1466,Red,2,1
3.1702,0.3044,Red,2,1
2.9041,0.6556,Red,2,1
2.6979,0.3347,Red,2,1
2.0602,0.1427,Red,2,1
2.6657,-0.2833,Red,2,1
1.5614,-0.1191,Red,2,1
2.1094,-0.1181,Red,2,1
2.8165,0.356,Red,2,1
2.2416,0.5709,Red,2,1
3.1741,-0.3993,Red,2,1
3.3584,-0.2936,Red,2,1
3.0134,-0.6232,Red,2,1
3.1352,-0.7105,Red,2,1
3.1755,-0.0445,Red,2,1
2.0281,0.8392,Red,2,1
3.1144,0.0506,Red,2,1
1.8025,1.4131,Red,2,1
1.1909,1.058,Red,2,1
2.2955,0.1496,Red,2,1
2.4391,0.1926,Red,2,1
2.92,1.1232,Red,2,1
2.9541,-0.5143,Red,2,1
1.7628,0.1975,Red,2,1
1.7543,-0.2976,Red,2,1
2.962,0.3943,Red,2,1
2.2423,0.2763,Red,2,1
2.098,-0.4593,Red,2,1
3.2815,0.5689,Red,2,1
2.5483,0.0967,Red,2,1
2.4141,-0.6933,Red,2,1
2.8921,-0.1642,Red,2,1
2.2937,0.1006,Red,2,1
3.4476,0.4865,Red,2,1
2.8387,-0.2665,Red,2,1
2.5013,0.7223,Red,2,1
3.0653,0.3311,Red,2,1
2.5545,-0.4623,Red,2,1
2.3354,0.2461,Red,2,1
2.2278,0.1708,Red,2,1
2.6686,-0.0177,Red,2,1
2.6755,0.4258,Red,2,1
2.6899,-0.895,Red,2,1
2.8107,-1.3278,Red,2,1
1.7476,-0.0096,Red,2,1
3.0301,0.4526,Red,2,1
1.6503,-0.8388,Red,2,1
2.4631,0.1631,Red,2,1
2.3179,0.1956,Red,2,1
2.3886,0.2816,Red,2,1
2.2589,0.2118,Red,2,1
2.8073,0.5904,Red,2,1
3.0186,-0.2751,Red,2,1
3.0514,-0.4708,Red,2,1
2.1865,0.6442,Red,2,1
2.2654,0.019,Red,2,1
2.4623,-0.0348,Red,2,1
1.1548,-1.1307,Red,2,1
1.8702,-0.1956,Red,2,1
2.8086,-0.8252,Red,2,1
3.4171,0.7005,Red,2,1
1.4361,0.3629,Red,2,1
2.3449,0.9308,Red,2,1
2.2035,0.398,Red,2,1
2.8816,1.1041,Red,2,1
2.1207,-0.1909,Red,2,1
2.2065,0.7822,Red,2,1
2.3225,0.3134,Red,2,1
2.9022,0.3725,Red,2,1
2.5467,0.2214,Red,2,1
2.6805,0.3967,Red,2,1
2.1193,-0.4713,Red,2,1
2.4593,0.9626,Red,2,1
2.603,0.2943,Red,2,1
2.3269,0.4169,Red,2,1
1.3869,0.6537,Red,2,1
2.4398,-0.4884,Red,2,1
2.2201,0.034,Red,2,1
1.796,-0.2382,Red,2,1
2.3297,0.6142,Red,2,1
2.9173,0.4174,Red,2,1
2.3113,-0.1728,Red,2,1
2.1515,0.1821,Red,2,1
2.5215,0.5883,Red,2,1
2.6238,-0.0253,Red,2,1
2.997,0.1194,Red,2,1
2.3993,-0.4835,Red,2,1
2.8396,1.3541,Red,2,1
1.9456,0.1871,Red,2,1
2.0778,-0.4727,Red,2,1
2.0905,-0.1674,Red,2,1
2.1572,0.5226,Red,2,1
2.6067,-0.6322,Red,2,1
2.9481,-0.4464,Red,2,1
1.4952,-1.1208,Red,2,1
2.4336,0.8473,Red,2,1
3.6667,-0.9236,Red,2,1
3.0609,0.2645,Red,2,1
1.8981,-0.709,Red,2,1
2.7023,0.4224,Red,2,1
2.6953,0.3801,Red,2,1
1.7947,-0.0644,Red,2,1
1.7594,0.7813,Red,2,1
3.3134,-0.3833,Red,2,1
1.9964,-0.9966,Red,2,1
2.5741,0.2577,Red,2,1
3.1932,-0.0981,Red,2,1
3.2973,0.5392,Red,2,1
2.8086,0.6271,Red,2,1
3.0856,0.2527,Red,2,1
2.6743,0.1262,Red,2,1
1.9799,-0.4364,Red,2,1
2.1673,0.1644,Red,2,1
2.4919,-0.2233,Red,2,1
2.7794,-0.2052,Red,2,1
2.6699,-0.4254,Red,2,1
2.1209,-0.2015,Red,2,1
2.5383,-0.0625,Red,2,1
2.2365,-0.4487,Red,2,1
2.5754,0.0805,Red,2,1
2.3278,-0.2004,Red,2,1
2.4098,-0.2685,Red,2,1
2.9585,0.447,Red,2,1
1.7592,-0.2147,Red,2,1
2.2464,0.918,Red,2,1
3.1955,-0.0029,Red,2,1
2.4006,0.1853,Red,2,1
2.4581,0.0769,Red,2,1
2.4038,0.7533,Red,2,1
2.6011,0.4113,Red,2,1
1.5964,0.1735,Red,2,1
2.4544,0.6654,Red,2,1
1.8147,0.1353,Red,2,1
2.4485,0.5792,Red,2,1
2.6015,-0.47,Red,2,1
3.2038,-0.1601,Red,2,1
1.7834,0.5203,Red,2,1
2.424,-0.3198,Red,2,1
1.9921,-0.5515,Red,2,1
2.6722,0.1508,Red,2,1
2.5791,0.3914,Red,2,1
2.686,0.9973,Red,2,1
2.7686,0.0538,Red,2,1
2.5753,0.0818,Red,2,1
3.0197,-0.513,Red,2,1
2.4609,-0.1122,Red,2,1
2.1902,-0.2878,Red,2,1
2.1162,-0.1657,Red,2,1
2.2775,0.2785,Red,2,1
3.1001,-0.2897,Red,2,1
2.9674,-0.7206,Red,2,1
2.6843,0.8572,Red,2,1
3.0049,-0.6027,Red,2,1
2.3063,-0.2916,Red,2,1
2.4778,-0.2727,Red,2,1
2.3745,-0.1721,Red,2,1
2.4509,-0.7117,Red,2,1
1.9848,-0.0652,Red,2,1
2.6423,0.0793,Red,2,1
2.5006,0.4858,Red,2,1
2.7654,0.1151,Red,2,1
1.8454,0.047,Red,2,1
2.78,0.7691,Red,2,1
2.4252,-0.0661,Red,2,1
2.3104,0.0648,Red,2,1
2.6662,0.4325,Red,2,1
2.5622,-0.2347,Red,2,1
2.4926,0.5361,Red,2,1
2.6269,0.2822,Red,2,1
2.1509,0.3315,Red,2,1
2.8249,0.2122,Red,2,1
2.0897,-0.576,Red,2,1
3.5578,0.2205,Red,2,1
2.2145,0.1732,Red,2,1
2.6732,0.8734,Red,2,1
2.6709,-0.7873,Red,2,1
1.9955,-0.0577,Red,2,1
2.2275,-0.2629,Red,2,1
2.3424,-0.8352,Red,2,1
2.2134,0.4766,Red,2,1
1.9426,-0.5627,Red,2,1
1.6954,-0.5166,Red,2,1
3.1042,-0.0908,Red,2,1
2.369,-0.3162,Red,2,1
2.5097,-0.2516,Red,2,1
2.248,-0.0278,Red,2,1
2.647,0.1738,Red,2,1
2.4561,0.1457,Red,2,1
2.5291,0.1021,Red,2,1
2.8297,-0.0727,Red,2,1
3.3816,-0.6579,Red,2,1
2.4238,-0.1803,Red,2,1
3.4675,-0.2559,Red,2,1
2.2237,0.804,Red,2,1
2.9037,0.445,Red,2,1
2.486,-0.6294,Red,2,1
2.0804,0.8269,Red,2,1
2.5388,-0.1617,Red,2,1
2.5259,-0.38,Red,2,1
2.3981,0.3976,Red,2,1
1.6494,0.7329,Red,2,1
2.8564,-0.139,Red,2,1
2.3375,0.1752,Red,2,1
2.6165,0.2567,Red,2,1
2.6591,0.2209,Red,2,1
2.7723,0.6231,Red,2,1
2.3199,-0.1451,Red,2,1
2.508,-0.0169,Red,2,1
2.2482,-0.59,Red,2,1
2.545,0.3169,Red,2,1
2.377,0.3643,Red,2,1
3.024,0.0713,Red,2,1
2.391,-0.0217,Red,2,1
2.1423,-0.0128,Red,2,1
2.5369,-0.3258,Red,2,1
2.767,0.4589,Red,2,1
2.1431,0.0594,Red,2,1
2.1344,0.1062,Red,2,1
2.6766,0.1001,Red,2,1
2.3385,-0.0137,Red,2,1
1.9342,1.0476,Red,2,1
2.9148,0.3617,Red,2,1
2.479,-0.0069,Red,2,1
2.0142,0.3627,Red,2,1
2.8651,-0.3498,Red,2,1
2.4535,-0.7895,Red,2,1
2.8241,0.1406,Red,2,1
2.746,0.4759,Red,2,1
3.171,0.0596,Red,2,1
1.996,0.0632,Red,2,1
2.4629,-0.0599,Red,2,1
2.5168,0.5017,Red,2,1
2.3434,0.0417,Red,2,1
2.9545,-0.0972,Red,2,1
2.0447,-0.1057,Red,2,1
3.1941,-0.7296,Red,2,1
2.7351,0.1232,Red,2,1
2.0872,-0.4388,Red,2,1
1.919,-0.5233,Red,2,1
3.6423,-0.7101,Red,2,1
3.363,-0.4702,Red,2,1
2.916,-0.0132,Red,2,1
2.35,0.3748,Red,2,1
2.0323,0.7167,Red,2,1
2.3119,-0.2529,Red,2,1
1.5556,-0.5195,Red,2,1
2.6643,0.5735,Red,2,1
2.3306,0.2045,Red,2,1
1.7265,0.5661,Red,2,1
2.2458,-0.0023,Red,2,1
2.372,-0.0559,Red,2,1
2.3051,0.3087,Red,2,1
2.4219,0.1308,Red,2,1
2.5058,-0.3451,Red,2,1
2.1352,0.1993,Red,2,1
3.314,-0.3677,Red,2,1
2.2548,0.1874,Red,2,1
2.2788,0.5086,Red,2,1
3.5487,-0.2674,Red,2,1
2.1817,0.1745,Red,2,1
1.8344,0.6791,Red,2,1
2.3034,0.1871,Red,2,1
1.745,-0.0753,Red,2,1
3.5254,-0.3606,Red,2,1
2.2723,-0.2428,Red,2,1
2.4316,-0.0285,Red,2,1
2.3425,0.3014,Red,2,1
2.842,-0.2426,Red,2,1
2.5922,0.6612,Red,2,1
2.4364,-0.5307,Red,2,1
2.3951,-0.1112,Red,2,1
3.2851,-0.225,Red,2,1
2.1738,0.3353,Red,2,1
2.789,0.2823,Red,2,1
1.8398,-0.6322,Red,2,1
2.6277,0.1744,Red,2,1
1.8845,0.1996,Red,2,1
3.2343,0.9657,Red,2,1
2.6358,0.7994,Red,2,1
2.6677,0.5023,Red,2,1
2.62,-0.6593,Red,2,1
2.6051,-0.3392,Red,2,1
2.8822,-0.4752,Red,2,1
2.4918,-0.1937,Red,2,1
2.286,0.3082,Red,2,1
3.329,-0.5874,Red,2,1
2.3428,-0.2257,Red,2,1
2.0406,-0.2185,Red,2,1
3.987,-0.2305,Red,2,1
2.4081,-0.8697,Red,2,1
2.3015,0.2863,Red,2,1
2.2814,-0.6375,Red,2,1
2.1318,0.8231,Red,2,1
3.0026,-0.0464,Red,2,1
2.0931,0.3945,Red,2,1
2.39,-0.2215,Red,2,1
2.3516,-0.2244,Red,2,1
2.7525,0.1793,Red,2,1
3.1151,-0.205,Red,2,1
2.0333,0.6583,Red,2,1
2.7063,-0.0773,Red,2,1
3.2279,0.3656,Red,2,1
2.6211,-0.0897,Red,2,1
2.3611,-0.1749,Red,2,1
2.0867,-0.7455,Red,2,1
2.2121,0.9223,Red,2,1
2.6257,0.1336,Red,2,1
2.894,-0.2593,Red,2,1
3.1735,-0.7939,Red,2,1
2.5643,0.0457,Red,2,1
3.031,0.5631,Red,2,1
1.8869,-0.031,Red,2,1
2.0696,-0.0638,Red,2,1
2.9196,0.7333,Red,2,1
2.2067,-1.0339,Red,2,1
3.6887,0.4445,Red,2,1
2.4252,0.7215,Red,2,1
3.0052,0.2884,Red,2,1
2.5421,0.3027,Red,2,1
1.6945,0.4398,Red,2,1
1.7896,-0.3055,Red,2,1
1.7065,0.3229,Red,2,1
1.9149,-0.1004,Red,2,1
2.2933,1.4299,Red,2,1
2.151,-0.2715,Red,2,1
2.7594,0.2895,Red,2,1
2.2768,0.1549,Red,2,1
2.5362,1.0371,Red,2,1
2.2228,-0.1391,Red,2,1
2.7449,0.2489,Red,2,1
2.6687,-0.7461,Red,2,1
2.7011,1.0781,Red,2,1
2.2963,-0.1649,Red,2,1
2.1974,-0.253,Red,2,1
2.9435,0.2718,Red,2,1
2.5196,-0.1603,Red,2,1
2.5643,1.0309,Red,2,1
2.6733,-0.124,Red,2,1
3.961,-0.1131,Red,2,1
2.5431,0.4861,Red,2,1
2.3128,-0.1387,Red,2,1
2.5065,0.3204,Red,2,1
0.9602,0.2684,Red,2,1
3.0712,-0.3303,Red,2,1
2.7832,-0.1772,Red,2,1
2.316,-0.0487,Red,2,1
2.1116,0.0562,Red,2,1
3.709,-0.2953,Red,2,1
2.9191,-0.3486,Red,2,1
2.9815,0.1114,Red,2,1
3.1578,0.1535,Red,2,1
2.5221,-0.0608,Red,2,1
2.2712,-0.1509,Red,2,1
2.6911,0.3303,Red,2,1
1.8873,0.3662,Red,2,1
2.1412,-0.4022,Red,2,1
1.9804,0.1354,Red,2,1
2.5599,0.4011,Red,2,1
1.9284,-0.0878,Red,2,1
3.0049,-0.3511,Red,2,1
2.6722,-0.0189,Red,2,1
2.2676,-0.2121,Red,2,1
2.7411,-0.5903,Red,2,1
2.6467,-0.9588,Red,2,1
2.2958,0.3151,Red,2,1
2.378,0.1723,Red,2,1
3.196,0.5527,Red,2,1
2.2343,0.0923,Red,2,1
2.0714,-1.0138,Red,2,1
3.7422,0.4975,Red,2,1
2.4036,0.7441,Red,2,1
2.5241,-0.0522,Red,2,1
2.7605,0.4495,Red,2,1
2.8682,0.1971,Red,2,1
2.6316,0.4883,Red,2,1
3.0919,-0.7418,Red,2,1
1.3044,0.1435,Red,2,1
2.4671,1.0555,Red,2,1
2.7562,-0.342,Red,2,1
2.5473,-0.0903,Red,2,1
2.7161,-0.1725,Red,2,1
2.3944,-0.4268,Red,2,1
1.9335,0.1228,Red,2,1
2.3794,-0.5079,Red,2,1
2.3103,0.2189,Red,2,1
2.5943,-0.293,Red,2,1
2.8732,-0.0722,Red,2,1
3.0055,0.3926,Red,2,1
2.6525,-0.6716,Red,2,1
1.791,0.1812,Red,2,1
1.9823,0.1957,Red,2,1
2.6001,-0.0792,Red,2,1
2.9015,-1.0362,Red,2,1
1.53,0.1262,Red,2,1
2.0636,0.1901,Red,2,1
2.4194,0.1738,Red,2,1
2.4277,0.6293,Red,2,1
2.8534,0.5138,Red,2,1
3.076,-0.5235,Red,2,1
3.374,-0.0252,Red,2,1
3.0995,-0.4217,Red,2,1
2.4638,-0.1796,Red,2,1
2.454,1.0501,Red,2,1
2.8418,0.0159,Red,2,1
2.8457,-0.5143,Red,2,1
3.5379,0.7605,Red,2,1
2.9353,0.2136,Red,2,1
3.0251,0.4237,Red,2,1
2.6575,0.8391,Red,2,1
2.0596,0.4032,Red,2,1
1.8586,0.0876,Red,2,1
2.9493,-0.1459,Red,2,1
2.872,0.0601,Red,2,1
2.4699,-0.3486,Red,2,1
2.5282,0.1074,Red,2,1
1.25,-0.7353,Red,2,1
3.5273,-0.1957,Red,2,1
2.1178,-0.5924,Red,2,1
1.6679,-0.116,Red,2,1
1.728,0.736,Red,2,1
2.8896,0.3389,Red,2,1
3.0517,0.3214,Red,2,1
2.8838,0.3462,Red,2,1
2.2386,-1.4908,Red,2,1
2.8099,0.0469,Red,2,1
2.6178,-0.4836,Red,2,1
3.3162,0.0568,Red,2,1
2.8014,0.9635,Red,2,1
1.6785,-0.1209,Red,2,1
2.3747,-0.7805,Red,2,1
2.4146,0.9297,Red,2,1
2.7096,0.3342,Red,2,1
2.3921,0.2942,Red,2,1
2.3392,0.1795,Red,2,1
2.3111,0.3076,Red,2,1
1.8241,-0.1029,Red,2,1
1.9434,0.5072,Red,2,1
2.8611,-1.3162,Red,2,1
2.8417,-0.3751,Red,2,1
2.4602,0.8607,Red,2,1
2.528,0.3522,Red,2,1
2.2223,-1.0795,Red,2,1
2.5739,0.1239,Red,2,1
1.9121,0.0902,Red,2,1
3.2268,0.2707,Red,2,1
2.1535,0.4238,Red,2,1
2.1456,0.4467,Red,2,1
2.6168,-0.2173,Red,2,1
1.9336,0.3422,Red,2,1
2.6509,-0.3221,Red,2,1
1.4762,0.5263,Red,2,1
2.4546,-0.814,Red,2,1
3.3477,0.2737,Red,2,1
2.3567,-0.6532,Red,2,1
2.5293,0.8483,Red,2,1
2.2201,0.2463,Red,2,1
2.4781,0.1045,Red,2,1
2.1206,-0.2744,Red,2,1
2.9914,0.5379,Red,2,1
2.0268,0.117,Red,2,1
1.8148,0.0078,Red,2,1
2.3197,-0.6513,Red,2,1
2.3175,-1.4134,Red,2,1
1.6936,0.3096,Red,2,1
1.7991,-1.5941,Red,2,1
1.8391,-0.3667,Red,2,1
2.4322,0.4263,Red,2,1
2.7105,-0.1948,Red,2,1
1.6131,0.1297,Red,2,1
2.5802,0.3183,Red,2,1
2.8898,-0.5416,Red,2,1
2.4532,1.0344,Red,2,1
1.7795,0.0743,Red,2,1
2.1205,-0.2237,Red,2,1
2.9783,-0.4178,Red,2,1
1.9102,-0.7246,Red,2,1
1.9669,0.4214,Red,2,1
2.5197,-0.2654,Red,2,1
2.7733,0.2391,Red,2,1
2.4156,-0.4742,Red,2,1
2.3588,0.1968,Red,2,1
3.5516,0.6951,Red,2,1
3.256,0.8046,Red,2,1
2.4432,0.2167,Red,2,1
2.5693,-0.614,Red,2,1
2.4417,-0.4605,Red,2,1
1.9031,0.1009,Red,2,1
2.7116,0.2162,Red,2,1
1.9786,-0.2281,Red,2,1
2.3816,0.2225,Red,2,1
1.9489,0.8435,Red,2,1
1.7047,0.0236,Red,2,1
3.0779,-0.1404,Red,2,1
2.7869,0.5392,Red,2,1
2.9086,-0.6345,Red,2,1
2.8103,-0.4596,Red,2,1
2.9191,-1.2032,Red,2,1
3.0314,-0.4456,Red,2,1
2.6929,-0.9065,Red,2,1
1.9746,-0.1937,Red,2,1
2.5901,0.4241,Red,2,1
2.6991,0.0842,Red,2,1
3.032,-0.7299,Red,2,1
2.051,0.1204,Red,2,1
2.9961,0.8193,Red,2,1
2.63,-0.2333,Red,2,1
1.5362,0.1443,Red,2,1
2.493,1.1113,Red,2,1
2.3629,0.7306,Red,2,1
2.4654,0.2588,Red,2,1
2.3155,-0.0341,Red,2,1
2.2558,-0.0959,Red,2,1
2.6155,-0.5822,Red,2,1
3.0474,-0.3245,Red,2,1
2.7268,0.1769,Red,2,1
2.5423,-0.124,Red,2,1
2.231,-0.0372,Red,2,1
3.1886,0.5485,Red,2,1
3.0139,1.2091,Red,2,1
2.4269,-0.6027,Red,2,1
1.9097,0.3915,Red,2,1
1.9625,0.5234,Red,2,1
2.5141,-0.3985,Red,2,1
2.2069,0.0776,Red,2,1
2.3053,-0.0426,Red,2,1
2.7654,1.1861,Red,2,1
3.5225,-0.4587,Red,2,1
3.0646,0.3275,Red,2,1
2.0125,-0.1253,Red,2,1
2.8734,0.0786,Red,2,1
3.3383,-0.1958,Red,2,1
2.1469,-0.571,Red,2,1
3.0063,-0.1205,Red,2,1
2.6061,0.7251,Red,2,1
2.1556,-0.7932,Red,2,1
2.2571,0.2093,Red,2,1
3.0095,0.4315,Red,2,1
2.7648,0.3621,Red,2,1
2.7592,0.648,Red,2,1
2.5342,-0.5032,Red,2,1
2.5627,-0.1367,Red,2,1
2.8199,-0.0504,Red,2,1
1.8421,-0.1056,Red,2,1
1.6421,-0.4517,Red,2,1
2.1674,0.1978,Red,2,1
2.4165,-0.3019,Red,2,1
1.9598,-0.7486,Red,2,1
1.7143,-0.0794,Red,2,1
2.0928,-0.927,Red,2,1
2.8679,0,Red,2,1
1.9052,-0.3162,Red,2,1
2.1618,0.0528,Red,2,1
2.5624,-0.6256,Red,2,1
2.7193,0.8248,Red,2,1
3.8539,1.0009,Red,2,1
3.0981,-0.4143,Red,2,1
2.8953,-0.6236,Red,2,1
2.8491,-0.0399,Red,2,1
3.1664,0.4008,Red,2,1
3.2686,0.501,Red,2,1
1.8331,-0.162,Red,2,1
2.5777,0.2249,Red,2,1
2.2468,0.109,Red,2,1
3.0894,-0.5452,Red,2,1
1.8158,-0.0627,Red,2,1
2.8511,0.0494,Red,2,1
2.2312,0.2588,Red,2,1
1.7787,-0.1847,Red,2,1
2.5088,1.122,Red,2,1
2.9422,0.3146,Red,2,1
2.9954,0.4622,Red,2,1
2.5698,0.0562,Red,2,1
3.0769,0.58,Red,2,1
2.7858,-0.9064,Red,2,1
1.6943,0.2777,Red,2,1
3.4593,-0.3211,Red,2,1
2.3648,-0.4152,Red,2,1
2.2141,0.3148,Red,2,1
1.7424,0.4289,Red,2,1
2.7263,0.4847,Red,2,1
3.1158,-0.1512,Red,2,1
1.9272,0.0578,Red,2,1
2.6393,-0.314,Red,2,1
1.9844,-0.3691,Red,2,1
3.179,-0.0417,Red,2,1
2.8732,-0.5161,Red,2,1
2.3712,0.1299,Red,2,1
1.759,-0.3393,Red,2,1
2.034,-0.1408,Red,2,1
2.2306,0.0663,Red,2,1
3.2117,-0.0149,Red,2,1
3.3207,-0.8689,Red,2,1
2.8374,-0.1633,Red,2,1
2.9582,-0.9436,Red,2,1
1.9881,0.1202,Red,2,1
3.4441,-0.6386,Red,2,1
2.0341,1.0096,Red,2,1
2.6376,0.4181,Red,2,1
2.4872,0.0711,Red,2,1
3.5271,-0.3245,Red,2,1
2.0857,-0.6438,Red,2,1
3.3572,-0.2402,Red,2,1
1.3864,0.2754,Red,2,1
2.7962,-0.3954,Red,2,1
2.6151,0.6582,Red,2,1
2.1428,-0.2684,Red,2,1
3.1803,-0.8759,Red,2,1
2.7742,0.5391,Red,2,1
3.0855,0.4941,Red,2,1
3,0.3551,Red,2,1
2.3756,-0.2682,Red,2,1
2.3133,-0.1879,Red,2,1
2.8727,-0.2062,Red,2,1
3.3569,0.474,Red,2,1
3.0536,0.378,Red,2,1
2.6492,0.8935,Red,2,1
1.7036,-0.1496,Red,2,1
2.5735,0.2828,Red,2,1
3.2485,0.5089,Red,2,1
2.8066,-0.1968,Red,2,1
2.764,-0.2832,Red,2,1
2.697,0.716,Red,2,1
2.2677,0.4712,Red,2,1
3.0939,0.4204,Red,2,1
2.4943,-0.1968,Red,2,1
2.1548,-0.2011,Red,2,1
1.518,0.4622,Red,2,1
1.695,0.48,Red,2,1
2.4663,0.0873,Red,2,1
2.1699,-0.0054,Red,2,1
3.1281,-0.4663,Red,2,1
2.6485,-0.5086,Red,2,1
1.9951,1.0463,Red,2,1
2.1589,0.2986,Red,2,1
2.5897,-0.3985,Red,2,1
2.4177,0.1454,Red,2,1
2.1401,-0.3665,Red,2,1
1.8479,0.5647,Red,2,1
2.5654,-0.1638,Red,2,1
2.598,-0.3388,Red,2,1
2.3605,0.2869,Red,2,1
2.0095,-0.3392,Red,2,1
2.4014,-0.7932,Red,2,1
2.3248,-0.1793,Red,2,1
2.8177,0.819,Red,2,1
2.5314,0.101,Red,2,1
3.1073,-0.5957,Red,2,1
2.9815,0.7923,Red,2,1
2.6956,-0.36,Red,2,1
2.5873,0.5772,Red,2,1
2.0754,-0.1299,Red,2,1
2.7909,0.2643,Red,2,1
2.6429,-1.099,Red,2,1
2.1617,0.0344,Red,2,1
3.0269,-0.6366,Red,2,1
2.1461,-0.0935,Red,2,1
2.184,1.1295,Red,2,1
3.2039,0.3294,Red,2,1
2.3077,0.152,Red,2,1
2.2066,0.5668,Red,2,1
3.2649,0.0079,Red,2,1
2.8471,0.2676,Red,2,1
2.415,-0.8615,Red,2,1
3.0102,0.1692,Red,2,1
2.1499,0.5375,Red,2,1
2.6907,-0.5278,Red,2,1
3.0514,0.1344,Red,2,1
2.8028,-0.56,Red,2,1
1.6067,0.4816,Red,2,1
2.0433,0.1611,Red,2,1
2.3714,-0.7697,Red,2,1
2.9243,0.4798,Red,2,1
2.3863,0.178,Red,2,1
2.3454,-0.2112,Red,2,1
2.4471,-0.8575,Red,2,1
2.862,0.3716,Red,2,1
1.9444,-0.0911,Red,2,1
2.2967,0.7274,Red,2,1
1.3893,-0.9023,Red,2,1
2.2732,0.0991,Red,2,1
2.2622,-0.2994,Red,2,1
2.3493,0.7771,Red,2,1
2.7132,-0.4472,Red,2,1
2.4454,-0.3688,Red,2,1
2.0924,-0.5113,Red,2,1
4.0247,0.2594,Red,2,1
2.2812,-0.6258,Red,2,1
1.8038,-0.4608,Red,2,1
2.4066,-0.359,Red,2,1
2.3585,-0.7297,Red,2,1
3.2126,0.1781,Red,2,1
3.6779,-0.3225,Red,2,1
1.9024,0.2013,Red,2,1
2.8762,0.5337,Red,2,1
1.933,0.3672,Red,2,1
2.5172,-0.4188,Red,2,1
2.6396,-0.0625,Red,2,1
2.9646,0.5947,Red,2,1
3.1708,0.8624,Red,2,1
2.396,-0.2743,Red,2,1
2.347,-0.1381,Red,2,1
1.7312,-0.0887,Red,2,1
2.9849,-0.0031,Red,2,1
1.8673,0.8221,Red,2,1
2.7152,-0.4748,Red,2,1
2.9429,0.4904,Red,2,1
2.2805,-0.1914,Red,2,1
1.3494,0.291,Red,2,1
2.9148,1.3252,Red,2,1
2.8662,0.3677,Red,2,1
3.192,-0.3614,Red,2,1
2.1504,0.0851,Red,2,1
2.3039,-0.4512,Red,2,1
2.8625,0.8892,Red,2,1
2.5882,0.6678,Red,2,1
1.6591,0.6442,Red,2,1
2.2239,-0.5985,Red,2,1
2.2579,0.21,Red,2,1
3.1459,-0.9814,Red,2,1
3.5819,0.0584,Red,2,1
3.273,0.4662,Red,2,1
1.9811,-0.2278,Red,2,1
2.4428,-0.7445,Red,2,1
2.4954,0.2385,Red,2,1
2.2616,0.5243,Red,2,1
2.0081,-0.8813,Red,2,1
3.5119,0.2257,Red,2,1
2.5114,-0.1591,Red,2,1
2.9067,-0.7235,Red,2,1
1.6419,0.2689,Red,2,1
1.1264,1.6518,Blue,3,1
2.1951,1.9745,Blue,3,1
1.3916,2.3047,Blue,3,1
1.8294,1.8674,Blue,3,1
1.488,1.6523,Blue,3,1
2.6623,1.5857,Blue,3,1
1.6852,1.9135,Blue,3,1
2.3985,1.1983,Blue,3,1
1.0356,1.9502,Blue,3,1
0.7603,2.9326,Blue,3,1
1.8918,1.4944,Blue,3,1
2.0581,2.9101,Blue,3,1
0.8783,1.99,Blue,3,1
2.3477,1.4981,Blue,3,1
1.5498,1.5971,Blue,3,1
1.5603,2.5968,Blue,3,1
1.6937,2.3927,Blue,3,1
2.0189,1.9522,Blue,3,1
1.4984,1.8548,Blue,3,1
2.3525,1.7821,Blue,3,1
1.9703,1.4796,Blue,3,1
2.0038,1.2371,Blue,3,1
1.2344,1.8532,Blue,3,1
1.2969,1.1537,Blue,3,1
1.4668,1.9234,Blue,3,1
1.2804,1.9217,Blue,3,1
2.1515,2.381,Blue,3,1
2.2077,1.1996,Blue,3,1
1.1453,1.3633,Blue,3,1
0.9373,0.5933,Blue,3,1
2.011,2.5367,Blue,3,1
1.5752,1.8158,Blue,3,1
1.6845,2.4909,Blue,3,1
0.0999,1.9391,Blue,3,1
1.7573,2.4199,Blue,3,1
2.105,1.3208,Blue,3,1
1.3779,2.418,Blue,3,1
1.1253,1.0873,Blue,3,1
1.7884,2.7112,Blue,3,1
0.978,1.823,Blue,3,1
0.7803,1.8119,Blue,3,1
1.6759,1.8152,Blue,3,1
1.1056,1.9919,Blue,3,1
1.4401,2.6241,Blue,3,1
1.1584,1.611,Blue,3,1
1.0237,1.6199,Blue,3,1
1.3749,1.8304,Blue,3,1
2.3613,1.9861,Blue,3,1
1.3039,1.5031,Blue,3,1
2.16,1.7261,Blue,3,1
1.574,2.1948,Blue,3,1
2.0903,2.135,Blue,3,1
1.5973,1.6384,Blue,3,1
0.17,2.1225,Blue,3,1
1.7773,1.1812,Blue,3,1
2.0447,2.5613,Blue,3,1
1.8797,2.2871,Blue,3,1
2.327,1.2219,Blue,3,1
1.115,1.1205,Blue,3,1
2.0396,1.0516,Blue,3,1
2.3264,2.4221,Blue,3,1
2.2321,2.3112,Blue,3,1
1.3002,2.3526,Blue,3,1
1.9578,1.8823,Blue,3,1
1.3413,1.0404,Blue,3,1
2.7273,1.7943,Blue,3,1
2.0378,1.7303,Blue,3,1
1.4935,1.9693,Blue,3,1
2.1144,2.7419,Blue,3,1
1.7324,1.5242,Blue,3,1
2.1965,1.5288,Blue,3,1
1.8002,0.6055,Blue,3,1
2.719,2.5104,Blue,3,1
1.067,2.3019,Blue,3,1
2.189,2.1101,Blue,3,1
1.2913,1.8791,Blue,3,1
1.3878,2.4904,Blue,3,1
1.3967,2.0842,Blue,3,1
1.0162,1.2118,Blue,3,1
1.0609,1.9528,Blue,3,1
2.0094,1.6057,Blue,3,1
1.0198,1.9316,Blue,3,1
1.8244,1.5605,Blue,3,1
1.0765,1.335,Blue,3,1
2.0811,2.204,Blue,3,1
1.1456,1.603,Blue,3,1
2.1,0.8053,Blue,3,1
2.1016,1.2768,Blue,3,1
0.7606,2.1193,Blue,3,1
1.5215,2.4302,Blue,3,1
1.5994,2.5819,Blue,3,1
1.8375,1.9539,Blue,3,1
1.7777,1.8085,Blue,3,1
1.7622,0.791,Blue,3,1
0.5794,1.9943,Blue,3,1
1.0446,1.3499,Blue,3,1
1.7782,1.8375,Blue,3,1
1.4324,2.548,Blue,3,1
2.267,2.002,Blue,3,1
1.9182,0.9968,Blue,3,1
1.892,2.3391,Blue,3,1
1.6699,1.9473,Blue,3,1
1.4879,1.2447,Blue,3,1
2.1496,1.9512,Blue,3,1
1.9592,1.8794,Blue,3,1
1.6858,2.1301,Blue,3,1
0.8953,1.5355,Blue,3,1
1.414,1.2504,Blue,3,1
1.5733,2.372,Blue,3,1
1.3819,1.8975,Blue,3,1
2.3051,1.9321,Blue,3,1
2.0321,2.2211,Blue,3,1
1.369,1.4158,Blue,3,1
1.6851,1.6386,Blue,3,1
1.0815,1.9656,Blue,3,1
1.3152,2.511,Blue,3,1
1.1395,1.0483,Blue,3,1
1.684,1.9447,Blue,3,1
1.0811,2.6717,Blue,3,1
2.145,1.0082,Blue,3,1
1.9925,2.0395,Blue,3,1
2.2535,1.5711,Blue,3,1
1.8975,1.9182,Blue,3,1
2.3097,1.5339,Blue,3,1
2.0655,1.667,Blue,3,1
2.17,1.2672,Blue,3,1
2.1515,1.4841,Blue,3,1
1.7331,1.7878,Blue,3,1
1.5437,1.7752,Blue,3,1
0.9959,1.8928,Blue,3,1
1.5715,0.8881,Blue,3,1
2.1147,2.419,Blue,3,1
1.7626,2.3983,Blue,3,1
0.9915,1.0869,Blue,3,1
1.2261,1.7225,Blue,3,1
1.6612,1.1816,Blue,3,1
2.56,2.4109,Blue,3,1
1.5009,1.5751,Blue,3,1
1.9104,1.2041,Blue,3,1
1.3876,1.6372,Blue,3,1
0.754,1.9684,Blue,3,1
1.9628,1.3787,Blue,3,1
1.625,2.0394,Blue,3,1
1.4105,2.0976,Blue,3,1
1.3798,2.05,Blue,3,1
2.1452,1.7242,Blue,3,1
0.9971,2.0067,Blue,3,1
0.5058,0.9749,Blue,3,1
1.4075,2.8842,Blue,3,1
2.1791,1.6416,Blue,3,1
1.6985,1.7191,Blue,3,1
1.3891,1.8876,Blue,3,1
1.6206,2.0954,Blue,3,1
0.9074,0.6902,Blue,3,1
1.8658,1.6021,Blue,3,1
2.0812,2.3242,Blue,3,1
1.8273,1.9247,Blue,3,1
1.4524,1.3578,Blue,3,1
0.559,1.8775,Blue,3,1
1.6934,0.8943,Blue,3,1
1.1573,1.8121,Blue,3,1
1.1673,1.4075,Blue,3,1
2.6571,1.4562,Blue,3,1
2.0637,1.4508,Blue,3,1
1.6689,1.3248,Blue,3,1
1.1768,2.4735,Blue,3,1
0.9414,1.6938,Blue,3,1
2.0845,2.1818,Blue,3,1
1.338,1.4347,Blue,3,1
1.9515,0.8626,Blue,3,1
2.1392,1.9646,Blue,3,1
1.4143,2.184,Blue,3,1
2.2477,2.3023,Blue,3,1
0.4539,2.0174,Blue,3,1
2.6218,2.3331,Blue,3,1
1.9408,1.9383,Blue,3,1
2.3412,1.8732,Blue,3,1
1.1541,2.0192,Blue,3,1
1.4385,2.2148,Blue,3,1
1.5953,1.5199,Blue,3,1
2.6674,1.2684,Blue,3,1
1.5228,1.2232,Blue,3,1
1.8379,1.2814,Blue,3,1
0.4303,1.6269,Blue,3,1
0.9418,1.565,Blue,3,1
1.8129,1.5943,Blue,3,1
0.9285,2.191,Blue,3,1
1.9567,2.2255,Blue,3,1
1.4676,1.8747,Blue,3,1
1.7319,1.5525,Blue,3,1
1.9039,1.8902,Blue,3,1
1.3997,1.3339,Blue,3,1
1.0695,1.9889,Blue,3,1
1.8812,2.0348,Blue,3,1
1.3328,2.2956,Blue,3,1
1.2517,1.3364,Blue,3,1
2.77,0.9361,Blue,3,1
1.0874,1.6381,Blue,3,1
1.4939,0.5273,Blue,3,1
1.417,1.438,Blue,3,1
1.8589,2.6492,Blue,3,1
1.433,2.4059,Blue,3,1
1.3572,1.1095,Blue,3,1
1.002,1.3487,Blue,3,1
1.6013,1.9491,Blue,3,1
1.1763,1.5824,Blue,3,1
1.179,2.1762,Blue,3,1
1.5348,2.0088,Blue,3,1
2.4394,1.8367,Blue,3,1
0.7395,1.4416,Blue,3,1
0.9274,2.1407,Blue,3,1
1.647,1.2195,Blue,3,1
2.9728,2.5429,Blue,3,1
1.6192,2.3198,Blue,3,1
1.6914,3.2133,Blue,3,1
2.2945,1.6043,Blue,3,1
0.9548,1.8706,Blue,3,1
1.7601,2.1567,Blue,3,1
2.0383,0.7222,Blue,3,1
1.0325,1.8393,Blue,3,1
1.4079,2.2334,Blue,3,1
0.9635,1.6105,Blue,3,1
1.0659,1.9111,Blue,3,1
1.663,1.5916,Blue,3,1
1.6191,2.1376,Blue,3,1
1.753,2.5618,Blue,3,1
1.8896,1.5633,Blue,3,1
2.1498,2.0916,Blue,3,1
1.6068,1.0797,Blue,3,1
1.6431,1.7819,Blue,3,1
2.1974,1.9628,Blue,3,1
1.4592,2.1052,Blue,3,1
1.5814,2.7891,Blue,3,1
1.4787,2.1795,Blue,3,1
1.2955,2.2297,Blue,3,1
1.0375,2.3347,Blue,3,1
1.5435,2.2128,Blue,3,1
0.5,1.4441,Blue,3,1
2.2163,1.7137,Blue,3,1
2.494,1.5663,Blue,3,1
1.6947,2.1621,Blue,3,1
1.9525,1.8612,Blue,3,1
1.1622,1.5115,Blue,3,1
1.4866,1.6915,Blue,3,1
2.5,1.9957,Blue,3,1
1.377,1.747,Blue,3,1
2.0751,2.3689,Blue,3,1
1.6503,1.2497,Blue,3,1
1.1873,2.1674,Blue,3,1
0.7739,2.2777,Blue,3,1
1.6487,1.6827,Blue,3,1
1.9733,1.7337,Blue,3,1
1.3627,0.8023,Blue,3,1
1.9022,1.4901,Blue,3,1
1.547,1.7243,Blue,3,1
1.0052,1.427,Blue,3,1
2.251,1.2625,Blue,3,1
2.3059,2.0348,Blue,3,1
1.466,2.0937,Blue,3,1
1.4287,2.5653,Blue,3,1
1.5802,1.636,Blue,3,1
1.882,1.8421,Blue,3,1
1.0268,1.6243,Blue,3,1
1.6271,0.7727,Blue,3,1
2.662,1.4851,Blue,3,1
1.8125,1.8145,Blue,3,1
1.5914,1.9137,Blue,3,1
1.6447,1.5963,Blue,3,1
1.5355,2.2032,Blue,3,1
0.9093,1.1574,Blue,3,1
1.6988,1.344,Blue,3,1
1.6385,2.1983,Blue,3,1
2.2699,1.4514,Blue,3,1
2.2365,2.1641,Blue,3,1
1.4341,1.6971,Blue,3,1
2.2578,1.1653,Blue,3,1
2.102,2.4488,Blue,3,1
1.9097,2.3869,Blue,3,1
1.5434,1.3091,Blue,3,1
2.0331,2.4253,Blue,3,1
1.0566,1.3615,Blue,3,1
1.5111,1.7967,Blue,3,1
1.4965,2.3628,Blue,3,1
1.8415,2.2689,Blue,3,1
1.2913,1.5268,Blue,3,1
1.9117,1.3103,Blue,3,1
1.7167,1.9461,Blue,3,1
1.8467,2.249,Blue,3,1
2.8663,1.2504,Blue,3,1
2.5828,1.8966,Blue,3,1
0.9357,1.8163,Blue,3,1
0.9884,2.1957,Blue,3,1
2.2435,2.156,Blue,3,1
2.2355,1.292,Blue,3,1
2.1954,2.164,Blue,3,1
0.4598,1.436,Blue,3,1
1.2508,1.7843,Blue,3,1
1.1797,1.209,Blue,3,1
1.3994,1.4506,Blue,3,1
1.1609,1.6095,Blue,3,1
2.746,1.7521,Blue,3,1
1.1303,2.0291,Blue,3,1
0.9969,1.8075,Blue,3,1
1.9516,2.7488,Blue,3,1
1.535,1.3949,Blue,3,1
2.1105,1.4763,Blue,3,1
1.1641,1.8167,Blue,3,1
1.3145,2.1485,Blue,3,1
1.7043,2.1368,Blue,3,1
0.8677,2.9782,Blue,3,1
1.8238,1.2343,Blue,3,1
1.7689,1.7045,Blue,3,1
1.1614,1.6927,Blue,3,1
1.3311,2.2792,Blue,3,1
1.8062,1.9035,Blue,3,1
1.9715,2.0262,Blue,3,1
1.6087,1.2297,Blue,3,1
1.6615,1.0706,Blue,3,1
1.8072,1.626,Blue,3,1
0.7497,2.2919,Blue,3,1
1.5177,1.5801,Blue,3,1
0.7851,2.2832,Blue,3,1
0.8776,2.0359,Blue,3,1
1.1779,1.3972,Blue,3,1
2.0232,1.9905,Blue,3,1
1.5592,1.8391,Blue,3,1
2.5796,1.5903,Blue,3,1
1.7472,2.2175,Blue,3,1
1.3779,0.987,Blue,3,1
2.633,1.4455,Blue,3,1
1.5632,2.0978,Blue,3,1
1.6692,2.08,Blue,3,1
1.209,1.6884,Blue,3,1
1.803,2.2595,Blue,3,1
0.7496,1.3774,Blue,3,1
2.0007,1.5101,Blue,3,1
2.31,1.9307,Blue,3,1
2.4938,2.0031,Blue,3,1
1.9933,2.1608,Blue,3,1
1.2582,1.7348,Blue,3,1
1.663,0.8367,Blue,3,1
2.5485,0.7025,Blue,3,1
1.9861,1.427,Blue,3,1
1.7569,1.6929,Blue,3,1
1.0979,1.3981,Blue,3,1
1.0766,1.726,Blue,3,1
0.9654,2.2128,Blue,3,1
0.8869,1.8196,Blue,3,1
1.7334,1.9354,Blue,3,1
1.9431,2.1589,Blue,3,1
1.4697,2.1614,Blue,3,1
0.76,2.0766,Blue,3,1
2.7098,1.7999,Blue,3,1
1.6307,2.4629,Blue,3,1
1.5872,1.6925,Blue,3,1
2.1447,2.3277,Blue,3,1
1.4726,2.2336,Blue,3,1
1.2954,1.9979,Blue,3,1
0.4427,1.8866,Blue,3,1
1.7328,1.8079,Blue,3,1
2.8664,0.6865,Blue,3,1
2.6039,2.1346,Blue,3,1
1.8464,2.0797,Blue,3,1
2.3387,1.4232,Blue,3,1
1.3845,2.0314,Blue,3,1
1.7396,2.4095,Blue,3,1
2.251,0.9663,Blue,3,1
1.7165,1.8887,Blue,3,1
2.1167,1.8045,Blue,3,1
1.0786,2.0543,Blue,3,1
1.8644,2.1975,Blue,3,1
2.4973,2.169,Blue,3,1
1.5967,2.4768,Blue,3,1
1.7546,1.4517,Blue,3,1
1.7197,1.7933,Blue,3,1
2.3861,1.7569,Blue,3,1
1.3256,1.5964,Blue,3,1
1.5022,1.0212,Blue,3,1
1.4172,2.1735,Blue,3,1
2.2905,1.9093,Blue,3,1
1.204,1.2003,Blue,3,1
2.5542,1.1507,Blue,3,1
1.9568,2.7193,Blue,3,1
1.2198,1.5022,Blue,3,1
1.6443,2.1364,Blue,3,1
1.7243,1.765,Blue,3,1
1.971,1.4942,Blue,3,1
1.229,1.4561,Blue,3,1
1.8731,2.6138,Blue,3,1
1.7543,0.9521,Blue,3,1
1.7769,1.688,Blue,3,1
2.4465,0.7682,Blue,3,1
1.9422,0.5581,Blue,3,1
2.1664,1.8834,Blue,3,1
0.8302,2.7638,Blue,3,1
1.8297,1.6259,Blue,3,1
1.7956,1.5935,Blue,3,1
0.9359,2.5684,Blue,3,1
1.6355,1.5291,Blue,3,1
1.3689,2.0478,Blue,3,1
1.8891,1.5611,Blue,3,1
2.2332,1.998,Blue,3,1
1.6283,2.3063,Blue,3,1
2.643,0.6957,Blue,3,1
1.0401,1.8481,Blue,3,1
1.4057,2.2337,Blue,3,1
1.3226,2.2412,Blue,3,1
2.0058,1.2218,Blue,3,1
1.6059,2.185,Blue,3,1
1.5796,1.2522,Blue,3,1
1.8244,2.0722,Blue,3,1
2.6181,1.6478,Blue,3,1
0.8415,1.4115,Blue,3,1
1.0964,1.9121,Blue,3,1
1.9196,0.9739,Blue,3,1
1.182,1.8783,Blue,3,1
2.4062,1.9917,Blue,3,1
1.2341,1.1633,Blue,3,1
1.1786,1.5953,Blue,3,1
1.251,1.8797,Blue,3,1
2.3182,1.4004,Blue,3,1
1.8691,2.7454,Blue,3,1
2.5888,1.8138,Blue,3,1
1.1075,2.0371,Blue,3,1
2.1963,2.2281,Blue,3,1
1.4604,1.0005,Blue,3,1
1.703,2.3904,Blue,3,1
1.9685,1.123,Blue,3,1
1.6037,2.5532,Blue,3,1
1.15,1.0973,Blue,3,1
2.5337,1.0282,Blue,3,1
2.3045,1.4242,Blue,3,1
1.6367,1.2183,Blue,3,1
1.8294,1.8735,Blue,3,1
1.9658,2.2986,Blue,3,1
2.0712,2.9091,Blue,3,1
0.8359,1.1938,Blue,3,1
1.9212,1.0861,Blue,3,1
2.5333,1.871,Blue,3,1
1.2979,1.7893,Blue,3,1
1.7973,2.0409,Blue,3,1
1.8343,1.7083,Blue,3,1
1.2016,2.5899,Blue,3,1
1.2532,1.0959,Blue,3,1
0.8506,1.309,Blue,3,1
1.797,1.8686,Blue,3,1
2.208,1.6694,Blue,3,1
1.2179,1.377,Blue,3,1
1.3285,2.39,Blue,3,1
1.4098,2.0626,Blue,3,1
1.0575,2.0096,Blue,3,1
0.9051,1.7079,Blue,3,1
2.0667,2.2412,Blue,3,1
1.6427,2.6316,Blue,3,1
1.6966,2.4212,Blue,3,1
1.5481,1.5667,Blue,3,1
1.9801,2.1901,Blue,3,1
1.5231,1.0371,Blue,3,1
1.5895,2.0209,Blue,3,1
1.5398,2.6352,Blue,3,1
1.7483,1.242,Blue,3,1
2.5196,2.1048,Blue,3,1
1.7777,1.1436,Blue,3,1
1.9161,1.7846,Blue,3,1
1.2176,1.5162,Blue,3,1
1.5303,2.1402,Blue,3,1
2.2382,1.3499,Blue,3,1
1.7129,1.797,Blue,3,1
0.9576,2.1681,Blue,3,1
1.0933,2.0326,Blue,3,1
2.4349,1.7868,Blue,3,1
1.451,2.0107,Blue,3,1
1.7411,1.7929,Blue,3,1
1.5134,1.1727,Blue,3,1
0.6921,1.5619,Blue,3,1
1.9227,1.4891,Blue,3,1
1.1788,1.4083,Blue,3,1
1.7975,2.0724,Blue,3,1
1.8909,2.0152,Blue,3,1
1.5767,1.9974,Blue,3,1
2.0918,2.4471,Blue,3,1
1.913,2.039,Blue,3,1
3.3325,1.3768,Blue,3,1
1.6252,2.5798,Blue,3,1
1.902,0.9486,Blue,3,1
1.5506,2.0189,Blue,3,1
1.8632,1.3519,Blue,3,1
1.5626,2.2225,Blue,3,1
2.008,2.0319,Blue,3,1
1.9829,1.5702,Blue,3,1
1.7835,1.6712,Blue,3,1
2.2764,2.1547,Blue,3,1
0.4795,1.7632,Blue,3,1
1.7072,1.5523,Blue,3,1
1.6397,1.8518,Blue,3,1
2.0415,2.4963,Blue,3,1
1.7741,2.2933,Blue,3,1
1.4063,2.241,Blue,3,1
2.0943,1.6653,Blue,3,1
0.8356,1.8749,Blue,3,1
1.5817,2.1681,Blue,3,1
1.331,2.1107,Blue,3,1
1.8958,1.7202,Blue,3,1
2.0369,0.669,Blue,3,1
1.0886,1.567,Blue,3,1
1.7086,1.7836,Blue,3,1
2.0283,1.4305,Blue,3,1
1.99,2.1463,Blue,3,1
1.7472,2.9692,Blue,3,1
1.2285,1.4851,Blue,3,1
2.033,1.7245,Blue,3,1
2.0514,1.5285,Blue,3,1
0.7583,1.6956,Blue,3,1
1.7233,0.7732,Blue,3,1
2.2367,1.5872,Blue,3,1
2.0449,1.6199,Blue,3,1
1.2314,2.14,Blue,3,1
1.9039,1.2291,Blue,3,1
1.8687,1.9241,Blue,3,1
1.5385,1.869,Blue,3,1
2.8086,1.2887,Blue,3,1
2.0961,2.8075,Blue,3,1
0.9504,0.9809,Blue,3,1
1.5727,2.5065,Blue,3,1
1.8864,2.592,Blue,3,1
2.537,0.7626,Blue,3,1
0.8941,1.1205,Blue,3,1
1.6162,1.3881,Blue,3,1
1.6646,1.6013,Blue,3,1
1.3476,1.7305,Blue,3,1
1.1487,2.4509,Blue,3,1
1.5504,1.7067,Blue,3,1
2.3025,1.5424,Blue,3,1
0.9367,1.9612,Blue,3,1
0.6278,2.1514,Blue,3,1
0.8292,2.2902,Blue,3,1
2.0452,1.5081,Blue,3,1
1.4207,2.1801,Blue,3,1
1.8546,1.308,Blue,3,1
2.1196,2.0482,Blue,3,1
2.4613,2.3062,Blue,3,1
1.3749,1.2838,Blue,3,1
1.7468,2.4854,Blue,3,1
1.7274,2.0829,Blue,3,1
1.5804,1.6686,Blue,3,1
1.2087,2.3345,Blue,3,1
1.3775,1.3131,Blue,3,1
1.8852,0.5955,Blue,3,1
1.6163,1.8586,Blue,3,1
2.0623,2.6537,Blue,3,1
0.8881,2.2087,Blue,3,1
2.2983,1.971,Blue,3,1
1.6314,2.1406,Blue,3,1
2.1958,2.739,Blue,3,1
1.625,1.7953,Blue,3,1
2.06,1.8766,Blue,3,1
2.2616,1.6762,Blue,3,1
1.0998,1.4553,Blue,3,1
1.264,2.6849,Blue,3,1
1.7116,1.4454,Blue,3,1
2.3164,1.6644,Blue,3,1
2.781,1.3501,Blue,3,1
2.2091,2.0776,Blue,3,1
2.6708,3.0461,Blue,3,1
1.9148,2.3576,Blue,3,1
1.7262,2.6895,Blue,3,1
1.8402,1.0149,Blue,3,1
2.1027,2.756,Blue,3,1
1.9578,2.2045,Blue,3,1
0.9204,1.4645,Blue,3,1
1.5629,1.4605,Blue,3,1
1.0972,1.8725,Blue,3,1
1.5849,2.1584,Blue,3,1
1.8682,1.554,Blue,3,1
1.6101,1.8577,Blue,3,1
1.5145,1.4187,Blue,3,1
2.1904,1.5512,Blue,3,1
1.9961,1.7296,Blue,3,1
2.1288,1.8052,Blue,3,1
1.895,1.6114,Blue,3,1
1.4281,1.6488,Blue,3,1
1.5274,2.79,Blue,3,1
2.4064,1.6104,Blue,3,1
1.2526,1.8248,Blue,3,1
1.2316,1.2808,Blue,3,1
1.9738,2.3305,Blue,3,1
1.2936,2.058,Blue,3,1
1.3765,1.7133,Blue,3,1
2.6528,1.3164,Blue,3,1
1.0451,1.929,Blue,3,1
2.096,1.7454,Blue,3,1
2.2643,1.5944,Blue,3,1
1.4015,0.8844,Blue,3,1
1.1715,2.0492,Blue,3,1
1.6482,2.0185,Blue,3,1
1.8074,1.7126,Blue,3,1
2.3884,1.7528,Blue,3,1
2.5567,1.2678,Blue,3,1
1.8065,1.8798,Blue,3,1
2.3242,1.9084,Blue,3,1
1.8935,1.3869,Blue,3,1
1.2891,1.4243,Blue,3,1
1.9986,1.8207,Blue,3,1
2.0411,2.0099,Blue,3,1
2.0341,1.5896,Blue,3,1
1.0906,2.2015,Blue,3,1
1.6499,1.3706,Blue,3,1
1.7666,1.8927,Blue,3,1
1.0167,2.4268,Blue,3,1
2.0442,1.9784,Blue,3,1
2.1281,1.8952,Blue,3,1
2.0956,1.3504,Blue,3,1
1.603,2.3916,Blue,3,1
1.8851,1.3916,Blue,3,1
2.0591,1.0637,Blue,3,1
2.1,2.2975,Blue,3,1
1.9622,1.2608,Blue,3,1
1.0403,2.4726,Blue,3,1
2.2504,2.1184,Blue,3,1
1.2803,1.9138,Blue,3,1
1.4884,1.8293,Blue,3,1
1.8026,1.4339,Blue,3,1
1.5469,1.3892,Blue,3,1
1.5948,1.1335,Blue,3,1
1.3082,1.4776,Blue,3,1
0.9863,1.1656,Blue,3,1
2.3045,2.051,Blue,3,1
1.8353,1.3115,Blue,3,1
1.6591,1.6399,Blue,3,1
1.3808,2.1794,Blue,3,1
1.3654,2.6655,Blue,3,1
1.9401,1.6068,Blue,3,1
2.1571,0.9664,Blue,3,1
1.814,1.191,Blue,3,1
2.3529,1.046,Blue,3,1
1.4002,3.2452,Blue,3,1
2.6011,1.4196,Blue,3,1
2.0107,2.5655,Blue,3,1
2.2946,0.7517,Blue,3,1
1.8359,1.6681,Blue,3,1
1.6003,1.4307,Blue,3,1
1.0708,1.9766,Blue,3,1
2.3127,1.9037,Blue,3,1
2.1051,2.3414,Blue,3,1
0.695,1.5623,Blue,3,1
1.553,2.2529,Blue,3,1
1.0239,2.0265,Blue,3,1
2.2827,2.0602,Blue,3,1
1.7201,1.487,Blue,3,1
1.2737,2.8663,Blue,3,1
2.2323,2.694,Blue,3,1
1.6507,2.3922,Blue,3,1
1.9565,1.7637,Blue,3,1
2.1169,2.0259,Blue,3,1
2.3492,1.8285,Blue,3,1
1.3305,1.2569,Blue,3,1
2.16,2.4438,Blue,3,1
1.7221,2.1802,Blue,3,1
1.1477,2.4907,Blue,3,1
1.3536,1.5164,Blue,3,1
1.409,1.532,Blue,3,1
1.0852,1.742,Blue,3,1
1.7336,2.0848,Blue,3,1
0.6031,1.605,Blue,3,1
0.8666,1.9395,Blue,3,1
1.9875,1.0497,Blue,3,1
2.0752,1.9327,Blue,3,1
1.8749,2.2772,Blue,3,1
1.7204,1.9594,Blue,3,1
1.7272,1.882,Blue,3,1
0.8784,2.5565,Blue,3,1
1.0324,1.8563,Blue,3,1
2.5063,0.569,Blue,3,1
1.365,2.2626,Blue,3,1
2.1601,2.4135,Blue,3,1
1.0518,2.1633,Blue,3,1
1.9351,0.7083,Blue,3,1
1.8871,1.7431,Blue,3,1
1.7991,1.7154,Blue,3,1
0.9297,0.6502,Blue,3,1
2.1225,1.8408,Blue,3,1
0.9013,2.3454,Blue,3,1
1.5062,1.78,Blue,3,1
2.3314,-0.2195,Blue,3,1
1.5701,1.6983,Blue,3,1
1.5519,1.5021,Blue,3,1
1.8159,1.1316,Blue,3,1
1.9474,2.0973,Blue,3,1
1.1226,1.3925,Blue,3,1
1.5088,2.1913,Blue,3,1
1.4177,1.6351,Blue,3,1
1.4884,1.9406,Blue,3,1
1.9843,1.1692,Blue,3,1
0.9041,2.0358,Blue,3,1
1.7056,1.38,Blue,3,1
2.6968,1.6099,Blue,3,1
1.5741,1.2383,Blue,3,1
1.3743,1.6748,Blue,3,1
1.7491,1.5345,Blue,3,1
1.0893,2.1548,Blue,3,1
1.072,1.9817,Blue,3,1
0.9449,1.7086,Blue,3,1
1.9843,2.507,Blue,3,1
1.3539,1.2179,Blue,3,1
1.7875,2.193,Blue,3,1
1.261,1.8443,Blue,3,1
1.5225,0.7652,Blue,3,1
1.4752,1.6277,Blue,3,1
2.0238,1.3144,Blue,3,1
1.4974,2.22,Blue,3,1
2.2726,1.733,Blue,3,1
1.9027,2.2766,Blue,3,1
1.6206,2.3676,Blue,3,1
1.3862,2.0614,Blue,3,1
1.7857,1.4833,Blue,3,1
1.7104,2.025,Blue,3,1
1.454,1.7815,Blue,3,1
1.9738,2.4052,Blue,3,1
2.1776,2.2373,Blue,3,1
1.3364,2.117,Blue,3,1
1.5534,2.2494,Blue,3,1
2.104,2.3693,Blue,3,1
0.9451,1.3336,Blue,3,1
2.4202,1.3867,Blue,3,1
2.1264,2.1287,Blue,3,1
1.9777,1.718,Blue,3,1
2.666,2.5716,Blue,3,1
1.1721,2.1952,Blue,3,1
1.501,1.7988,Blue,3,1
1.0853,2.334,Blue,3,1
1.7914,2.2261,Blue,3,1
0.9585,2.0234,Blue,3,1
1.545,2.0483,Blue,3,1
1.2496,3.1066,Blue,3,1
1.0726,1.6523,Blue,3,1
1.7597,2.197,Blue,3,1
1.9523,1.0784,Blue,3,1
1.4982,1.3279,Blue,3,1
1.2482,1.5224,Blue,3,1
1.7859,0.9436,Blue,3,1
2.0419,1.4531,Blue,3,1
1.5191,1.6263,Blue,3,1
0.0328,2.4533,Blue,3,1
1.4332,0.7436,Blue,3,1
1.8441,1.6724,Blue,3,1
0.5391,2.6124,Blue,3,1
1.4441,0.5571,Blue,3,1
1.0918,2.2029,Blue,3,1
1.6793,1.4735,Blue,3,1
2.1744,1.7352,Blue,3,1
1.8206,1.2068,Blue,3,1
1.8873,2.1992,Blue,3,1
1.2676,1.5854,Blue,3,1
1.6427,2.1102,Blue,3,1
2.0825,2.4238,Blue,3,1
1.6013,1.294,Blue,3,1
1.5732,1.1339,Blue,3,1
1.6613,1.7724,Blue,3,1
2.1931,1.8205,Blue,3,1
2.3375,1.7463,Blue,3,1
1.1363,1.0719,Blue,3,1
1.5349,1.6302,Blue,3,1
0.9088,0.9793,Blue,3,1
2.2503,1.7117,Blue,3,1
1.5304,1.2531,Blue,3,1
1.5115,1.4864,Blue,3,1
2.2574,1.3202,Blue,3,1
2.0025,2.4536,Blue,3,1
2.5038,2.0405,Blue,3,1
1.9544,1.7806,Blue,3,1
1.2163,2.0554,Blue,3,1
0.787,1.2245,Blue,3,1
2.4733,1.7772,Blue,3,1
1.4915,2.6624,Blue,3,1
1.1435,1.8574,Blue,3,1
2.1321,1.0939,Blue,3,1
1.5356,3.134,Blue,3,1
1.709,1.3046,Blue,3,1
2.2492,1.9563,Blue,3,1
1.7837,1.4243,Blue,3,1
1.9458,1.5627,Blue,3,1
0.7895,1.7717,Blue,3,1
1.5386,1.0904,Blue,3,1
1.2149,2.2639,Blue,3,1
0.9871,1.7474,Blue,3,1
2.2247,1.3996,Blue,3,1
3.1335,2.4981,Blue,3,1
0.8702,2.4807,Blue,3,1
1.2543,2.7774,Blue,3,1
0.8373,2.3334,Blue,3,1
1.8715,1.7637,Blue,3,1
1.6195,1.6281,Blue,3,1
2.2327,1.5651,Blue,3,1
1.2415,1.4741,Blue,3,1
2.5826,2.564,Blue,3,1
1.5051,2.0357,Blue,3,1
1.943,1.0813,Blue,3,1
1.8039,1.5948,Blue,3,1
1.5827,2.0078,Blue,3,1
1.2886,1.7379,Blue,3,1
1.4298,1.5062,Blue,3,1
2.1143,1.3462,Blue,3,1
0.8859,2.0824,Blue,3,1
1.9396,1.2641,Blue,3,1
2.1345,2.0383,Blue,3,1
1.6148,0.3688,Blue,3,1
1.0014,2.087,Blue,3,1
2.025,1.4387,Blue,3,1
0.8209,1.676,Blue,3,1
1.7334,1.8728,Blue,3,1
0.7376,1.9343,Blue,3,1
1.0121,1.3066,Blue,3,1
0.6933,1.2872,Blue,3,1
1.9353,3.2336,Blue,3,1
2.0205,2.1216,Blue,3,1
1.1898,1.1226,Blue,3,1
0.7993,2.2244,Blue,3,1
1.3489,1.9048,Blue,3,1
2.6216,1.2901,Blue,3,1
2.5489,1.8769,Blue,3,1
1.4927,1.3061,Blue,3,1
1.6147,1.6001,Blue,3,1
1.3522,2.0505,Blue,3,1
1.6765,1.3443,Blue,3,1
2.0167,1.2868,Blue,3,1
1.4149,1.4591,Blue,3,1
1.1976,1.3212,Blue,3,1
2.3486,1.598,Blue,3,1
2.7212,1.4597,Blue,3,1
0.8778,1.6617,Blue,3,1
2.081,1.6119,Blue,3,1
2.3149,2.1497,Blue,3,1
2.1211,1.5229,Blue,3,1
1.3761,2.1198,Blue,3,1
1.5783,1.9322,Blue,3,1
1.579,1.7507,Blue,3,1
1.4199,0.9991,Blue,3,1
1.643,1.5465,Blue,3,1
1.2671,1.2534,Blue,3,1
1.8549,1.3312,Blue,3,1
1.5521,2.1714,Blue,3,1
1.0183,1.1578,Blue,3,1
2.2538,1.0319,Blue,3,1
0.7953,1.3277,Blue,3,1
1.8743,3.3422,Blue,3,1
1.7065,1.8065,Blue,3,1
1.2438,2.0942,Blue,3,1
0.1853,2.5894,Blue,3,1
1.5193,1.7539,Blue,3,1
0.8885,1.7577,Blue,3,1
2.1262,2.947,Blue,3,1
2.0449,2.0531,Blue,3,1
0.76,1.642,Blue,3,1
1.8791,2.2022,Blue,3,1
1.5199,2.5875,Blue,3,1
0.6806,2.1442,Blue,3,1
1.4254,1.2626,Blue,3,1
1.3691,1.9934,Blue,3,1
1.8077,1.9409,Blue,3,1
1.3069,2.5119,Blue,3,1
2.1079,1.4891,Blue,3,1
0.7309,1.3896,Blue,3,1
1.5574,2.3282,Blue,3,1
1.5276,1.7788,Blue,3,1
2.4452,2.1528,Blue,3,1
0.9777,1.6814,Blue,3,1
1.7059,1.6828,Blue,3,1
1.5229,0.9272,Blue,3,1
1.4622,1.8202,Blue,3,1
1.2926,1.1308,Blue,3,1
1.3012,1.959,Blue,3,1
1.6907,1.5781,Blue,3,1
1.8321,1.3694,Blue,3,1
0.6398,2.0481,Blue,3,1
1.7061,1.6943,Blue,3,1
2.2254,1.7312,Blue,3,1
1.1117,1.7735,Blue,3,1
1.2386,2.0626,Blue,3,1
2.3004,2.3954,Blue,3,1
2.3082,0.9268,Blue,3,1
1.4107,2.201,Blue,3,1
1.8129,1.7388,Blue,3,1
1.723,1.4333,Blue,3,1
1.3458,1.254,Blue,3,1
1.0875,0.8714,Blue,3,1
1.6072,1.9449,Blue,3,1
2.1525,2.1398,Blue,3,1
1.7931,1.1534,Blue,3,1
1.1415,0.4262,Blue,3,1
0.7852,2.5464,Blue,3,1
1.3824,1.0738,Blue,3,1
2.0885,1.977,Blue,3,1
1.6104,1.9742,Blue,3,1
1.4855,1.0131,Blue,3,1
1.8614,1.9585,Blue,3,1
1.7301,0.8764,Blue,3,1
2.4794,1.6486,Blue,3,1
2.3717,2.3426,Blue,3,1
1.2579,1.3883,Blue,3,1
1.9572,1.6512,Blue,3,1
2.83,1.7731,Blue,3,1
2.3724,2.7692,Blue,3,1
1.1706,0.9051,Blue,3,1
2.013,1.6083,Blue,3,1
2.3354,1.5746,Blue,3,1
1.0002,2.1083,Blue,3,1
2.0631,2.452,Blue,3,1
1.9761,2.31,Blue,3,1
2.1002,2.1862,Blue,3,1
2.1079,2.8731,Blue,3,1
0.7765,1.7286,Blue,3,1
1.4438,2.1216,Blue,3,1
1.4091,2.6094,Blue,3,1
1.7253,1.7842,Blue,3,1
1.3364,1.9469,Blue,3,1
2.1745,1.1382,Blue,3,1
0.8048,1.0398,Blue,3,1
2.0757,1.5193,Blue,3,1
1.842,2.2204,Blue,3,1
2.0384,2.066,Blue,3,1
1.5262,2.2932,Blue,3,1
1.4638,1.8849,Blue,3,1
2.0705,1.4947,Blue,3,1
0.8951,2.0336,Blue,3,1
1.3769,2.333,Blue,3,1
1.505,1.9291,Blue,3,1
1.5569,1.3594,Blue,3,1
1.7732,1.5339,Blue,3,1
1.739,2.2255,Blue,3,1
2.325,1.6755,Blue,3,1
2.5571,2.0754,Blue,3,1
0.544,1.5448,Blue,3,1
1.5236,1.3613,Blue,3,1
2.0785,2.1114,Blue,3,1
1.5639,2.3902,Blue,3,1
0.8712,1.119,Blue,3,1
2.7639,1.6655,Blue,3,1
0.1465,1.9613,Blue,3,1
1.9874,1.921,Blue,3,1
1.9295,1.8162,Blue,3,1
1.4998,2.2405,Blue,3,1
1.1463,2.051,Blue,3,1
1.882,1.3218,Blue,3,1
1.3416,2.5829,Blue,3,1
1.3878,1.7227,Blue,3,1
1.3822,3.0823,Blue,3,1
1.1085,2.3465,Blue,3,1
0.2636,2.1154,Blue,3,1
1.1113,1.7778,Blue,3,1
1.3479,2.6248,Blue,3,1
1.868,1.3984,Blue,3,1
1.5893,1.8758,Blue,3,1
1.6225,1.1459,Blue,3,1
0.9148,1.8573,Blue,3,1
1.1852,2.3058,Blue,3,1
1.4007,1.6313,Blue,3,1
1.3237,2.7586,Blue,3,1
1.2734,1.1851,Blue,3,1
1.2833,2.7687,Blue,3,1
1.57,1.7654,Blue,3,1
1.5559,1.013,Blue,3,1
0.9248,1.6862,Blue,3,1
1.5288,2.3275,Blue,3,1
0.3218,1.2592,Blue,3,1
1.7636,1.2165,Blue,3,1
1.3927,1.8125,Blue,3,1
1.4639,1.8641,Blue,3,1
1.8235,2.0314,Blue,3,1
1.7426,2.0648,Blue,3,1
0.9014,2.192,Blue,3,1
2.2149,0.9291,Blue,3,1
1.56,2.3083,Blue,3,1
1.4958,2.3263,Blue,3,1
1.6904,1.6816,Blue,3,1
1.4575,1.9318,Blue,3,1
1.31,2.3706,Blue,3,1
2.3309,1.5448,Blue,3,1
1.4061,1.8621,Blue,3,1
1.4125,2.1418,Blue,3,1
2.0283,1.7446,Blue,3,1
0.7611,2.189,Blue,3,1
1.8557,2.2035,Blue,3,1
1.3405,1.8176,Blue,3,1
2.1816,2.1166,Blue,3,1
1.3736,1.9674,Blue,3,1
1.7101,1.775,Blue,3,1
1.3175,0.8961,Blue,3,1
2.2033,1.7845,Blue,3,1
1.267,2.7489,Blue,3,1
1.3898,2.2556,Blue,3,1
2.0206,1.1437,Blue,3,1
1.7042,2.2929,Blue,3,1
2.7873,1.5913,Blue,3,1
1.7764,1.7601,Blue,3,1
2.3019,0.8826,Blue,3,1
2.6475,1.6577,Blue,3,1
1.7068,2.0136,Blue,3,1
0.9861,0.821,Blue,3,1
1.6906,2.3103,Blue,3,1
1.0874,1.9695,Blue,3,1
2.506,0.903,Blue,3,1
2.14,0.9695,Blue,3,1
