f1,f2,_class,_value,_training
-0.1061,0.1464,Green,1,1
1.2506,-0.3698,Green,1,0
-0.8461,-0.0882,Green,1,0
-0.139,-1.9573,Green,1,0
-0.0297,-0.6702,Green,1,0
-1.4637,-1.7567,Green,1,0
-0.6897,-0.0393,Green,1,0
0.689,1.8792,Green,1,0
0.863,-0.6665,Green,1,0
-0.9373,0.6192,Green,1,0
1.8361,-0.7077,Green,1,0
-0.957,-1.704,Green,1,0
-0.2001,-0.3631,Green,1,0
1.9489,0.8915,Green,1,0
1.7568,-0.7384,Green,1,0
0.1595,1.7584,Green,1,0
0.0454,0.3576,Green,1,0
-0.1424,-1.3392,Green,1,0
-1.3323,-1.7809,Green,1,0
2.1121,0.7416,Green,1,0
0.6471,-0.2226,Green,1,0
-0.473,0.0079,Green,1,0
-1.3136,-0.5636,Green,1,0
-1.2528,-0.3776,Green,1,0
-0.8856,-0.1849,Green,1,0
-1.3659,-1.7425,Green,1,0
0.0207,0.2263,Green,1,0
0.059,0.7532,Green,1,0
-0.0506,0.0409,Green,1,0
-1.0556,-1.4627,Green,1,0
-1.5909,-0.0411,Green,1,0
-2.2041,-1.1629,Green,1,0
-0.1531,-0.8118,Green,1,0
0.5137,0.9957,Green,1,1
-0.1558,-0.8807,Green,1,0
1.1696,-1.3628,Green,1,0
-1.1857,-1.6385,Green,1,0
0.6129,0.8327,Green,1,0
1.4657,-0.0163,Green,1,0
1.236,0.6339,Green,1,0
-0.1648,0.7695,Green,1,0
2.174,-0.279,Green,1,0
-0.3176,1.3548,Green,1,0
-0.1533,-0.9406,Green,1,0
-0.9231,0.9411,Green,1,0
0.4214,0.0452,Green,1,0
-0.2987,-0.7025,Green,1,0
0.9514,-0.8919,Green,1,0
0.6962,-0.8321,Green,1,0
0.3668,-1.2123,Green,1,0
-0.6464,-0.3245,Green,1,0
0.1939,-1.3296,Green,1,0
0.7776,0.9449,Green,1,0
-0.5797,0.0039,Green,1,0
-0.2656,-1.3108,Green,1,0
-1.3273,1.6266,Green,1,0
2.0446,0.4908,Green,1,0
-1.08,1.3115,Green,1,0
-0.3761,-0.3624,Green,1,0
-0.232,1.9466,Green,1,0
1.6253,-0.0136,Green,1,0
-0.7125,-0.0616,Green,1,0
-1.9889,-0.3385,Green,1,0
-0.9541,2.1499,Green,1,0
0.4014,-0.7676,Green,1,0
0.0421,1.2982,Green,1,0
1.9632,0.6135,Green,1,1
0.8532,-0.3146,Green,1,0
0.5698,-1.1263,Green,1,0
0.1966,0.561,Green,1,0
0.9892,-0.5111,Green,1,0
-0.5532,-0.3577,Green,1,0
0.7175,0.8469,Green,1,0
0.7291,0.0472,Green,1,0
-0.2703,-1.5465,Green,1,0
0.0123,0.2289,Green,1,0
1.3327,1.2061,Green,1,0
0.8702,1.5133,Green,1,0
0.9203,0.5968,Green,1,0
-1.7373,-0.8807,Green,1,0
-1.7941,1.2079,Green,1,0
-0.8135,1.0678,Green,1,0
-1.2084,1.3057,Green,1,0
0.9959,1.3523,Green,1,0
-0.206,-1.0038,Green,1,0
1.3316,0.7266,Green,1,0
-0.2516,-0.8472,Green,1,0
1.0812,1.0377,Green,1,0
-0.5552,-0.7704,Green,1,0
-0.2713,0.5759,Green,1,0
-1.6357,-1.8945,Green,1,0
-0.1951,-1.2172,Green,1,0
0.0995,1.5696,Green,1,0
0.3002,-1.096,Green,1,0
0.44,-0.4488,Green,1,0
-0.9974,0.7161,Green,1,0
-1.4636,-0.4826,Green,1,0
-0.368,-0.0776,Green,1,0
-2.4455,0.345,Green,1,0
-1.1278,0.9584,Green,1,1
0.2096,0.0888,Green,1,0
0.5692,-0.3499,Green,1,0
-0.0196,-1.1002,Green,1,0
-0.1113,-0.8506,Green,1,0
1.93,0.4691,Green,1,0
-0.5674,-0.9464,Green,1,0
-0.7232,0.298,Green,1,0
-0.8254,-0.9702,Green,1,0
-0.0854,0.389,Green,1,0
-0.4909,-0.2264,Green,1,0
-0.4213,-0.2385,Green,1,0
0.0337,0.8521,Green,1,0
-0.5686,0.41,Green,1,0
-0.4926,0.5473,Green,1,0
1.1905,-0.8449,Green,1,0
-1.6924,0.3773,Green,1,0
0.2697,-0.6028,Green,1,0
-0.455,-0.6469,Green,1,0
1.744,-0.1223,Green,1,0
-0.8384,-0.1552,Green,1,0
-0.885,0.7285,Green,1,0
0.0804,0.1148,Green,1,0
-0.1469,-0.316,Green,1,0
-1.2918,0.3126,Green,1,0
-0.618,-0.5234,Green,1,0
0.5835,-0.046,Green,1,0
0.4022,1.498,Green,1,0
-2.1717,1.155,Green,1,0
-0.5001,0.3776,Green,1,0
-0.6805,1.4887,Green,1,0
0.2678,1.3209,Green,1,0
0.765,-0.6615,Green,1,0
-1.4367,0.515,Green,1,1
-1.1172,0.6496,Green,1,0
-0.1033,-0.5702,Green,1,0
0.676,0.7478,Green,1,0
0.3222,-0.6815,Green,1,0
0.3212,1.9874,Green,1,0
-0.7983,0.4339,Green,1,0
-2.1847,-0.7463,Green,1,0
-0.4057,0.3209,Green,1,0
0.0767,0.4529,Green,1,0
-0.8273,0.0757,Green,1,0
-2.6502,1.2785,Green,1,0
0.2844,-0.0298,Green,1,0
-2.1067,-0.0202,Green,1,0
-0.0282,0.4511,Green,1,0
1.2103,0.3495,Green,1,0
-2.2495,0.1709,Green,1,0
0.7002,0.9733,Green,1,0
-0.4617,-0.2251,Green,1,0
0.7979,1.7851,Green,1,0
1.4224,-0.1968,Green,1,0
0.943,1.4406,Green,1,0
-0.2853,-0.7897,Green,1,0
0.8814,-1.2129,Green,1,0
0.1521,2.0299,Green,1,0
-0.2092,0.2908,Green,1,0
-0.3859,-0.1658,Green,1,0
-0.2028,-1.3367,Green,1,0
-1.3565,-0.0857,Green,1,0
1.1377,0.1576,Green,1,0
-0.3904,0.8568,Green,1,0
0.6476,-1.1976,Green,1,0
0.3049,0.2246,Green,1,0
1.745,0.2142,Green,1,1
1.1155,0.4758,Green,1,0
-0.9625,-0.3627,Green,1,0
-0.3374,-0.6425,Green,1,0
-2.1136,0.9549,Green,1,0
-0.5412,0.2363,Green,1,0
-0.2463,0.4943,Green,1,0
1.0698,-0.3285,Green,1,0
-0.3142,0.7286,Green,1,0
1.8234,0.9187,Green,1,0
-0.1089,-1.9933,Green,1,0
0.1835,-0.7467,Green,1,0
-2.2873,-0.1187,Green,1,0
-2.0018,-2.067,Green,1,0
-0.7583,1.4476,Green,1,0
1.7358,-0.4443,Green,1,0
-1.2475,0.1199,Green,1,0
-0.031,1.3507,Green,1,0
0.2056,-0.4321,Green,1,0
-0.6,-0.2954,Green,1,0
-0.4341,2.1287,Green,1,0
0.489,1.6144,Green,1,0
-0.9596,1.472,Green,1,0
-0.0102,0.1443,Green,1,0
-0.9484,-0.305,Green,1,0
-1.6202,-0.6455,Green,1,0
0.2846,0.1588,Green,1,0
-1.3077,0.8417,Green,1,0
-1.4067,0.0439,Green,1,0
-1.0503,-0.4721,Green,1,0
1.1162,-0.8137,Green,1,0
0.9431,0.0333,Green,1,0
1.0654,-0.3548,Green,1,0
0.9949,-0.2212,Green,1,1
-0.9902,-0.6977,Green,1,0
0.786,1.51,Green,1,0
0.3904,0.2046,Green,1,0
-1.388,-1.7142,Green,1,0
1.0136,-1.6806,Green,1,0
-0.6667,0.4933,Green,1,0
0.5942,1.4173,Green,1,0
1.0161,-2.2272,Green,1,0
-0.3579,0.9522,Green,1,0
0.977,0.2309,Green,1,0
0.9461,1.141,Green,1,0
-0.654,0.4558,Green,1,0
0.0124,1.1142,Green,1,0
-1.2013,0.4941,Green,1,0
-1.0429,0.1542,Green,1,0
0.597,-0.8257,Green,1,0
-0.2238,0.1621,Green,1,0
1.3338,0.6805,Green,1,0
0.4449,-0.7529,Green,1,0
0.4891,-0.0546,Green,1,0
0.659,2.2053,Green,1,0
-1.2917,-0.018,Green,1,0
-2.2711,-1.4183,Green,1,0
-0.4171,0.5579,Green,1,0
0.8461,-0.5217,Green,1,0
0.0382,0.3428,Green,1,0
0.5248,-0.9843,Green,1,0
-0.181,-2.136,Green,1,0
-0.1561,-0.5047,Green,1,0
-1.3212,1.284,Green,1,0
1.7919,-0.0884,Green,1,0
-1.8491,0.7472,Green,1,0
-0.7555,2.1411,Green,1,1
2.219,2.3629,Green,1,0
-0.3496,1.6696,Green,1,0
0.6125,2.0881,Green,1,0
0.122,0.9204,Green,1,0
1.2731,-0.461,Green,1,0
-0.3979,1.6972,Green,1,0
0.0131,0.4342,Green,1,0
0.445,0.5554,Green,1,0
0.7108,0.2269,Green,1,0
-0.2415,0.2208,Green,1,0
-0.6664,0.5031,Green,1,0
0.686,1.0815,Green,1,0
-2.0164,2.4078,Green,1,0
-0.8672,-0.3682,Green,1,0
-0.1109,-1.1622,Green,1,0
1.3711,-0.8227,Green,1,0
-0.4177,1.0337,Green,1,0
1.457,-0.1885,Green,1,0
-1.3073,0.7674,Green,1,0
0.706,2.2501,Green,1,0
0.6619,1.7418,Green,1,0
-1.102,1.9365,Green,1,0
-0.2057,3.0449,Green,1,0
-0.9805,1.3985,Green,1,0
1.5371,-0.2647,Green,1,0
-2.3859,-1.2158,Green,1,0
-1.424,0.0672,Green,1,0
0.1879,2.3143,Green,1,0
-1.0101,0.1326,Green,1,0
-1.0662,-0.9207,Green,1,0
-0.2508,0.0929,Green,1,0
1.8028,0.1834,Green,1,0
2.1425,-0.4963,Green,1,1
0.6159,-1.4452,Green,1,0
0.895,-0.7644,Green,1,0
0.1251,0.9015,Green,1,0
0.007,0.8485,Green,1,0
-1.6183,0.8307,Green,1,0
0.712,1.1548,Green,1,0
0.6174,0.9638,Green,1,0
-1.2368,1.8486,Green,1,0
-0.0385,-1.8999,Green,1,0
-0.2028,-1.0296,Green,1,0
0.3206,1.2133,Green,1,0
0.3276,0.3371,Green,1,0
-0.6541,0.3554,Green,1,0
-2.598,0.4993,Green,1,0
0.469,-0.8739,Green,1,0
0.5542,-0.277,Green,1,0
-0.1238,0.0235,Green,1,0
-1.1648,0.7744,Green,1,0
0.8077,-1.3671,Green,1,0
-0.4279,-0.7907,Green,1,0
0.0544,-0.1853,Green,1,0
-0.0703,1.6889,Green,1,0
1.1643,-0.2425,Green,1,0
-1.1793,1.1396,Green,1,0
0.4518,-1.8607,Green,1,0
-0.0228,0.5909,Green,1,0
-0.4862,-1.0723,Green,1,0
0.2232,0.8181,Green,1,0
-0.5376,1.9503,Green,1,0
0.7726,0.7096,Green,1,0
-0.0855,-1.9934,Green,1,0
0.4397,-2.0736,Green,1,0
-0.2511,-0.7313,Green,1,1
0.2988,-0.4958,Green,1,0
-1.9566,-0.2296,Green,1,0
0.0118,0.9446,Green,1,0
0.0668,0.7059,Green,1,0
-0.9987,0.5674,Green,1,0
0.7486,-0.6444,Green,1,0
0.4774,0.0175,Green,1,0
-0.1371,-0.6961,Green,1,0
0.3276,0.2911,Green,1,0
0.3962,-0.3948,Green,1,0
-0.4038,-1.3379,Green,1,0
0.5675,-0.1406,Green,1,0
-0.7909,-0.7135,Green,1,0
-0.3368,-0.3109,Green,1,0
1.0832,0.8289,Green,1,0
-0.6984,-0.4358,Green,1,0
-2.1606,1.1066,Green,1,0
0.2862,1.2952,Green,1,0
-0.1278,-0.5649,Green,1,0
-0.644,-0.3546,Green,1,0
-0.3969,1.0386,Green,1,0
1.2178,1.1631,Green,1,0
-0.6747,-0.7825,Green,1,0
0.0339,0.3904,Green,1,0
0.0718,-2.0833,Green,1,0
-0.1448,-2.1004,Green,1,0
-0.5043,1.99,Green,1,0
1.5348,1.2406,Green,1,0
-0.0414,-1.817,Green,1,0
-0.337,-0.978,Green,1,0
1.0604,-1.2269,Green,1,0
0.3716,-0.7555,Green,1,0
0.0482,-1.0539,Green,1,1
0.5069,1.3643,Green,1,0
1.7747,0.4232,Green,1,0
-1.4328,0.1177,Green,1,0
-0.2364,-0.2274,Green,1,0
0.5586,0.437,Green,1,0
-0.8282,1.3322,Green,1,0
-2.5745,-0.0369,Green,1,0
-1.9104,2.336,Green,1,0
0.0847,1.1811,Green,1,0
1.678,-0.6484,Green,1,0
-0.7623,1.4223,Green,1,0
-1.385,-0.8214,Green,1,0
-0.005,0.9931,Green,1,0
1.0126,1.2156,Green,1,0
-0.0745,0.4172,Green,1,0
-0.4127,-0.322,Green,1,0
-1.6516,1.2811,Green,1,0
-0.2895,0.4331,Green,1,0
-0.861,0.9481,Green,1,0
0.3457,0.4875,Green,1,0
-2.0535,0.9197,Green,1,0
-0.8041,1.164,Green,1,0
0.4461,-1.0829,Green,1,0
0.0712,-0.6389,Green,1,0
-1.0194,-1.8067,Green,1,0
0.8025,0.5815,Green,1,0
0.9824,0.6638,Green,1,0
-0.0347,0.0785,Green,1,0
1.891,-0.5036,Green,1,0
-0.3237,0.146,Green,1,0
-1.1706,-0.3653,Green,1,0
1.3988,0.9303,Green,1,0
0.0817,0.508,Green,1,1
2.1622,0.0531,Green,1,0
-0.8834,1.3579,Green,1,0
-0.1999,0.3388,Green,1,0
-1.5263,1.2716,Green,1,0
-0.1579,-0.3263,Green,1,0
-1.1049,-0.3116,Green,1,0
-0.7659,-1.8228,Green,1,0
1.3497,0.1882,Green,1,0
0.8559,-1.7071,Green,1,0
-0.3944,-0.1668,Green,1,0
1.0115,0.5532,Green,1,0
-3.4109,0.5421,Green,1,0
1.2511,-0.5096,Green,1,0
-0.6464,1.1748,Green,1,0
0.3991,0.5107,Green,1,0
-0.3747,-0.1919,Green,1,0
0.2172,-0.5072,Green,1,0
2.0048,0.6311,Green,1,0
0.7464,1.0072,Green,1,0
-0.8772,-0.1316,Green,1,0
-0.0519,-0.2775,Green,1,0
1.9376,0.6117,Green,1,0
0.3033,0.3202,Green,1,0
0.2977,-1.1632,Green,1,0
0.7106,-0.2807,Green,1,0
1.133,1.1166,Green,1,0
-1.6033,0.2175,Green,1,0
-1.775,0.0766,Green,1,0
-1.0646,-1.0052,Green,1,0
-0.4251,-0.8774,Green,1,0
0.7967,1.3113,Green,1,0
0.8378,-1.4808,Green,1,0
-1.2794,-0.5686,Green,1,1
-1.6774,-0.3049,Green,1,0
0.6431,-0.5008,Green,1,0
0.1804,-1.1802,Green,1,0
0.2696,-1.2956,Green,1,0
1.7344,0.1732,Green,1,0
0.347,1.1958,Green,1,0
1.3919,-0.7793,Green,1,0
-1.0757,0.7147,Green,1,0
-0.3783,0.4428,Green,1,0
1.5665,1.3154,Green,1,0
-0.7379,-0.3631,Green,1,0
-0.3714,1.4017,Green,1,0
0.9923,1.0643,Green,1,0
-0.7644,1.1208,Green,1,0
0.2413,-0.7143,Green,1,0
0.7486,0.7136,Green,1,0
-1.7158,1.0618,Green,1,0
0.7184,2.0282,Green,1,0
0.3123,0.2019,Green,1,0
-0.2612,1.4126,Green,1,0
-0.746,-1.8662,Green,1,0
-1.2004,-0.5706,Green,1,0
1.7456,-0.2829,Green,1,0
0.4648,0.2584,Green,1,0
0.7699,-0.3172,Green,1,0
0.7577,-1.4961,Green,1,0
0.0903,-0.5721,Green,1,0
-0.2032,0.9914,Green,1,0
0.0085,-0.9224,Green,1,0
-0.1352,-0.2292,Green,1,0
-0.2257,0.0619,Green,1,0
-1.0668,0.1541,Green,1,0
0.6899,0.0228,Green,1,1
0.2122,1.1931,Green,1,0
-0.5675,0.5157,Green,1,0
1.8267,-0.4394,Green,1,0
-1.9006,0.7902,Green,1,0
-1.2533,-0.9744,Green,1,0
-0.7871,0.7804,Green,1,0
-1.0748,-2.0483,Green,1,0
1.4863,-0.6248,Green,1,0
1.3591,-0.5354,Green,1,0
-0.3712,0.3503,Green,1,0
-1.3127,0.0379,Green,1,0
-1.2082,-0.9771,Green,1,0
0.3886,0.9414,Green,1,0
-0.047,-0.8518,Green,1,0
0.1775,1.1918,Green,1,0
0.8931,-0.5496,Green,1,0
1.0192,-0.6239,Green,1,0
1.6221,-0.6952,Green,1,0
-0.476,0.393,Green,1,0
0.252,-0.2456,Green,1,0
-0.8921,0.1489,Green,1,0
-0.5863,-1.3799,Green,1,0
-0.5003,-0.6365,Green,1,0
1.8041,-0.8498,Green,1,0
0.3366,0.5463,Green,1,0
0.5113,0.2292,Green,1,0
-0.4945,-0.5753,Green,1,0
-0.0381,-1.9952,Green,1,0
-0.2454,-0.187,Green,1,0
1.1387,1.1332,Green,1,0
-0.3174,1.0083,Green,1,0
-0.3456,0.8221,Green,1,0
-0.7893,-0.5964,Green,1,1
-1.2895,-0.0568,Green,1,0
0.1883,0.2986,Green,1,0
0.9074,-1.6021,Green,1,0
1.2577,0.8469,Green,1,0
1.4827,-1.3627,Green,1,0
0.3016,1.2209,Green,1,0
-0.9294,-3.0157,Green,1,0
0.5693,1.6943,Green,1,0
-2.0308,0.3841,Green,1,0
0.196,-0.16,Green,1,0
1.5615,0.1618,Green,1,0
0.2106,-1.0508,Green,1,0
0.3019,-0.0609,Green,1,0
-0.8374,-0.8354,Green,1,0
-0.0977,-1.4136,Green,1,0
0.2687,-1.2901,Green,1,0
0.0714,-1.2092,Green,1,0
-0.0297,-0.4776,Green,1,0
-1.8058,0.1172,Green,1,0
-0.7614,1.5111,Green,1,0
2.5084,-1.8885,Green,1,0
0.588,0.1884,Green,1,0
-0.1912,1.0793,Green,1,0
-0.1433,-0.2431,Green,1,0
-1.2274,1.8284,Green,1,0
-1.6352,1.4255,Green,1,0
0.7281,-1.1004,Green,1,0
-0.809,-0.3692,Green,1,0
1.8864,-0.2256,Green,1,0
0.1353,-0.0355,Green,1,0
-0.0847,-0.0845,Green,1,0
-0.243,1.1168,Green,1,0
-0.5508,0.394,Green,1,1
-1.3871,-0.648,Green,1,0
0.3885,0.4909,Green,1,0
2.5489,0.1092,Green,1,0
-0.6168,2.3403,Green,1,0
0.7699,-0.5831,Green,1,0
0.3485,-0.0303,Green,1,0
0.6687,-0.0175,Green,1,0
0.2376,0.3549,Green,1,0
0.3512,0.4797,Green,1,0
-0.4957,1.063,Green,1,0
0.4967,-0.7118,Green,1,0
-0.6617,1.0902,Green,1,0
2.1969,0.6819,Green,1,0
-0.2309,-1.2732,Green,1,0
1.0282,-0.0221,Green,1,0
1.222,0.1011,Green,1,0
1.6144,0.0929,Green,1,0
0.6615,-2.8227,Green,1,0
-1.03,3.3215,Green,1,0
-0.8587,1.8607,Green,1,0
-0.271,-0.8886,Green,1,0
-1.0455,0.1507,Green,1,0
0.0247,-2,Green,1,0
0.6957,-0.3737,Green,1,0
0.2001,1.0604,Green,1,0
-1.0012,-0.1633,Green,1,0
-0.9396,0.5408,Green,1,0
0.5017,0.4817,Green,1,0
2.2665,-1.3674,Green,1,0
0.8615,1.2556,Green,1,0
0.223,-0.1974,Green,1,0
-0.5676,-0.1715,Green,1,0
-1.0001,-2.0048,Green,1,1
-0.3829,-1.3926,Green,1,0
1.2052,0.8682,Green,1,0
-2.5272,0.3264,Green,1,0
-0.2087,0.9387,Green,1,0
1.8501,0.7192,Green,1,0
2.3046,0.6485,Green,1,0
-0.0319,0.4406,Green,1,0
-1.9841,1.4389,Green,1,0
0.1837,-1.5877,Green,1,0
0.9825,1.5119,Green,1,0
1.2027,-1.1116,Green,1,0
-1.6844,0.0642,Green,1,0
0.3709,-0.3113,Green,1,0
-0.1193,0.8925,Green,1,0
1.8906,0.0798,Green,1,0
-1.8067,-0.2342,Green,1,0
-0.1906,-0.3413,Green,1,0
0.8666,-0.5197,Green,1,0
0.4724,-0.4223,Green,1,0
0.8915,0.8339,Green,1,0
-0.7904,0.8813,Green,1,0
0.7911,1.181,Green,1,0
-2.4868,1.6018,Green,1,0
-1.1208,-0.5685,Green,1,0
-0.3154,-0.6661,Green,1,0
0.8842,-1.1952,Green,1,0
3.3125,0.5909,Green,1,0
1.1386,-0.0355,Green,1,0
-0.9822,1.4871,Green,1,0
0.0811,0.6744,Green,1,0
-0.0537,0.2263,Green,1,0
-0.5401,-0.136,Green,1,0
-0.6843,-0.4538,Green,1,1
1.2571,1.1871,Green,1,0
-0.4587,1.7658,Green,1,0
0.1662,0.5252,Green,1,0
1.2253,0.1189,Green,1,0
0.6998,0.8576,Green,1,0
0.896,1.0881,Green,1,0
-0.0093,0.1024,Green,1,0
0.5691,-1.9382,Green,1,0
-0.5831,1.8282,Green,1,0
-0.6504,0.6003,Green,1,0
-0.9836,-0.5493,Green,1,0
0.5419,1.2136,Green,1,0
-2.2238,-0.4454,Green,1,0
-0.0914,1.3646,Green,1,0
-0.0242,-0.1785,Green,1,0
0.4433,0.4366,Green,1,0
0.781,-1.2823,Green,1,0
-1.4436,-0.5966,Green,1,0
-1.3427,-1.839,Green,1,0
-0.5229,1.6563,Green,1,0
0.65,-0.0607,Green,1,0
1.0866,-0.3768,Green,1,0
0.3068,-1.9712,Green,1,0
-0.1052,-0.2517,Green,1,0
-1.2551,0.1752,Green,1,0
1.0467,1.7954,Green,1,0
-1.8207,-0.4914,Green,1,0
-0.7659,0.5446,Green,1,0
-2.7716,1.4518,Green,1,0
0.7197,0.8402,Green,1,0
-0.9118,-0.1992,Green,1,0
-0.0677,0.2556,Green,1,0
0.6088,0.4027,Green,1,1
0.4048,0.0338,Green,1,0
-1.2411,-0.221,Green,1,0
-1.7892,0.4091,Green,1,0
1.6159,1.5006,Green,1,0
-0.8816,-0.015,Green,1,0
-1.2112,0.3898,Green,1,0
-0.9997,0.6936,Green,1,0
-1.6005,-0.4892,Green,1,0
-0.2273,-1.0141,Green,1,0
-0.3389,-0.5815,Green,1,0
-0.0987,-0.1633,Green,1,0
0.5828,-1.0325,Green,1,0
0.006,-0.9345,Green,1,0
0.7458,1.1574,Green,1,0
-0.9194,0.9585,Green,1,0
-0.1172,0.8402,Green,1,0
0.8507,-0.1224,Green,1,0
0.6097,-0.4382,Green,1,0
0.1483,-0.7143,Green,1,0
-1.5619,-0.1665,Green,1,0
-1.0436,-0.2862,Green,1,0
1.2275,-0.7268,Green,1,0
-0.3585,-2.8571,Green,1,0
-0.4412,0.8833,Green,1,0
-0.2541,-0.8716,Green,1,0
-0.3833,-0.372,Green,1,0
-1.8964,0.3166,Green,1,0
0.5055,-0.1947,Green,1,0
1.9279,-0.1564,Green,1,0
-1.2642,-0.778,Green,1,0
0.0149,0.4435,Green,1,0
-0.2593,0.4692,Green,1,0
-0.1413,-1.4333,Green,1,1
0.4079,0.2904,Green,1,0
0.2253,-0.1181,Green,1,0
-0.2216,-1.1721,Green,1,0
1.4357,1.5939,Green,1,0
0.0809,1.3401,Green,1,0
-0.4114,-1.0977,Green,1,0
0.4642,-1.6359,Green,1,0
1.4174,-1.5707,Green,1,0
0.0167,0.5919,Green,1,0
-1.6944,-0.0252,Green,1,0
0.1692,1.3748,Green,1,0
0.9471,-1.0379,Green,1,0
0.6257,-0.2238,Green,1,0
2.6203,-0.7336,Green,1,0
0.1085,0.3618,Green,1,0
-1.8447,0.2847,Green,1,0
1.054,1.6998,Green,1,0
-0.1496,1.2471,Green,1,0
-0.2197,-2.2605,Green,1,0
0.0333,-0.0401,Green,1,0
0.5891,0.0356,Green,1,0
0.4122,-0.6242,Green,1,0
-0.3954,-1.9455,Green,1,0
0.0393,0.1233,Green,1,0
-0.3507,-0.4907,Green,1,0
0.2312,-1.1916,Green,1,0
-0.7244,-0.0619,Green,1,0
0.5252,-0.8842,Green,1,0
-0.2566,0.3951,Green,1,0
0.6716,2.3818,Green,1,0
0.3831,0.4846,Green,1,0
-0.069,-2.7202,Green,1,0
-0.7471,-0.1364,Green,1,1
0.3311,-0.3048,Green,1,0
-0.2828,-0.7805,Green,1,0
-0.4583,1.3529,Green,1,0
0.5171,-0.3232,Green,1,0
0.9966,0.4993,Green,1,0
0.8212,-0.461,Green,1,0
-1.8654,-0.2914,Green,1,0
-0.545,-0.2668,Green,1,0
1.3369,1.1945,Green,1,0
-1.6315,1.1987,Green,1,0
0.6449,-0.5465,Green,1,0
0.4045,-0.1002,Green,1,0
-1.4936,-0.7578,Green,1,0
1.1669,0.7761,Green,1,0
1.0475,-0.6975,Green,1,0
0.6178,-0.6998,Green,1,0
-0.6708,-0.1146,Green,1,0
0.2448,1.441,Green,1,0
-0.381,0.2243,Green,1,0
-0.5402,-1.672,Green,1,0
-1.2729,2.0619,Green,1,0
1.8713,-0.3341,Green,1,0
-2.4236,-0.3254,Green,1,0
-0.9159,0.5977,Green,1,0
-0.0188,1.3733,Green,1,0
-0.2875,0.8324,Green,1,0
0.7481,-1.9641,Green,1,0
1.0766,0.3815,Green,1,0
0.056,0.338,Green,1,0
-2.0382,-0.1151,Green,1,0
-1.7264,-0.0736,Green,1,0
-0.7375,0.659,Green,1,0
0.7882,-0.3895,Green,1,1
-0.0056,-0.1601,Green,1,0
2.5083,-1.6389,Green,1,0
-0.8247,-0.5171,Green,1,0
-1.0437,-0.975,Green,1,0
0.5006,0.8352,Green,1,0
-0.4787,0.1736,Green,1,0
-0.111,1.6851,Green,1,0
1.0141,-0.3184,Green,1,0
-0.243,1.2921,Green,1,0
-1.0002,0.7177,Green,1,0
-0.04,1.7377,Green,1,0
0.5,0.1668,Green,1,0
-1.3585,-0.8241,Green,1,0
-2.1369,0.2854,Green,1,0
-0.6756,0.1349,Green,1,0
0.3296,0.1901,Green,1,0
-1.3142,1.9577,Green,1,0
0.494,-0.8682,Green,1,0
-0.3771,-0.6342,Green,1,0
-0.0945,-0.9047,Green,1,0
0.4723,1.6766,Green,1,0
-1.8264,-2.094,Green,1,0
-1.0421,-0.3519,Green,1,0
-0.7441,-0.1317,Green,1,0
0.0687,0.4664,Green,1,0
0.8184,-0.2623,Green,1,0
-0.9411,-1.136,Green,1,0
0.9167,-1.1574,Green,1,0
-0.3889,2.0621,Green,1,0
0.5138,-0.2846,Green,1,0
0.3306,-0.4763,Green,1,0
-0.6142,2.2899,Green,1,0
-0.1753,1.3229,Green,1,1
-0.4598,-0.4789,Green,1,0
1.2335,0.4938,Green,1,0
-0.7627,0.039,Green,1,0
-0.7382,0.3538,Green,1,0
3.3748,-1.6031,Green,1,0
1.1343,0.28,Green,1,0
-1.6499,-0.6543,Green,1,0
-0.2304,-1.3173,Green,1,0
0.2524,0.7985,Green,1,0
0.411,-0.4127,Green,1,0
0.8524,-0.0934,Green,1,0
-0.458,-1.4678,Green,1,0
0.0196,-0.8245,Green,1,0
-0.2909,0.3271,Green,1,0
0.6182,0.3028,Green,1,0
-1.4145,0.2772,Green,1,0
-0.0609,0.6209,Green,1,0
-0.2631,-1.2621,Green,1,0
-0.6408,0.4153,Green,1,0
-1.7227,0.9192,Green,1,0
-1.4508,-0.6047,Green,1,0
0.1177,0.9286,Green,1,0
0.1495,0.1993,Green,1,0
-0.3422,1.5153,Green,1,0
-0.2627,-0.9939,Green,1,0
1.1642,0.3246,Green,1,0
-1.4567,0.1241,Green,1,0
0.5118,-0.0576,Green,1,0
-0.9198,1.8761,Green,1,0
-0.157,1.052,Green,1,0
1.7033,0.044,Green,1,0
-0.1049,0.0914,Green,1,0
0.5601,-0.8757,Green,1,1
0.6428,-0.2985,Green,1,0
-1.0105,0.7427,Green,1,0
0.9433,-0.0384,Green,1,0
0.1478,2.0933,Green,1,0
0.4607,0.2721,Green,1,0
-0.7556,1.4577,Green,1,0
-0.1235,0.7636,Green,1,0
0.1747,0.8877,Green,1,0
-0.087,0.8006,Green,1,0
-0.916,-0.4405,Green,1,0
-1.3119,0.3978,Green,1,0
0.3766,0.389,Green,1,0
0.3189,0.6497,Green,1,0
-0.8909,0.7188,Green,1,0
-0.2103,-0.6413,Green,1,0
0.3494,0.5768,Green,1,0
-1.492,-0.7514,Green,1,0
-0.3775,-1.6312,Green,1,0
0.6906,1.0621,Green,1,0
1.6545,-1.5604,Green,1,0
0.0395,0.4069,Green,1,0
-1.1018,-0.3729,Green,1,0
1.1572,0.5218,Green,1,0
1.2218,0.6933,Green,1,0
-0.0161,-1.3626,Green,1,0
2.1628,1.0675,Green,1,0
-0.602,-0.0146,Green,1,0
0.8296,-0.0556,Green,1,0
0.4544,0.7795,Green,1,0
-1.1886,-0.0222,Green,1,0
0.1131,-0.7773,Green,1,0
0.918,-1.6366,Green,1,0
-1.8959,0.4691,Green,1,1
0.8316,0.6246,Green,1,0
0.8793,-1.3447,Green,1,0
1.8307,-1.2249,Green,1,0
-0.9929,1.0091,Green,1,0
1.6,-0.5472,Green,1,0
-1.1391,0.2711,Green,1,0
-0.1424,-1.297,Green,1,0
-0.1184,-1.3225,Green,1,0
0.6721,-0.9897,Green,1,0
-0.1275,0.3733,Green,1,0
-0.6249,-1.1204,Green,1,0
-0.2248,0.1309,Green,1,0
-0.1645,-0.8062,Green,1,0
1.4991,-0.0765,Green,1,0
-0.6807,-1.0885,Green,1,0
0.5816,0.4495,Green,1,0
0.4708,-1.9615,Green,1,0
1.1035,-0.6813,Green,1,0
1.6293,-0.0071,Green,1,0
-0.3678,-0.7576,Green,1,0
-0.3461,-0.0835,Green,1,0
1.8574,-1.3861,Green,1,0
0.2524,-0.8178,Green,1,0
-0.3755,0.4404,Green,1,0
-1.9883,-1.2186,Green,1,0
-0.2628,0.3354,Green,1,0
-0.6073,-0.4745,Green,1,0
-1.3594,0.9879,Green,1,0
1.1458,1.4203,Green,1,0
-0.8726,0.87,Green,1,0
-1.0605,0.8523,Green,1,0
0.3747,-0.9937,Green,1,0
-0.097,0.1672,Green,1,1
-0.0443,-0.3116,Green,1,0
-0.4093,0.4599,Green,1,0
0.4465,-0.3661,Green,1,0
-0.2977,-2.2442,Green,1,0
0.477,-0.3653,Green,1,0
-0.2687,-0.851,Green,1,0
2.2283,0.9273,Green,1,0
0.9167,0.3741,Green,1,0
1.0837,-0.6196,Green,1,0
1.6097,-0.2698,Green,1,0
-0.8916,0.526,Green,1,0
0.5489,-1.0136,Green,1,0
2.0221,0.6746,Green,1,0
0.2631,-1.6457,Green,1,0
-0.8654,-0.6848,Green,1,0
-0.7608,-0.5103,Green,1,0
0.8807,-0.9478,Green,1,0
-1.9986,0.265,Green,1,0
-0.3364,0.7257,Green,1,0
-0.5042,0.2506,Green,1,0
-0.7591,1.7003,Green,1,0
-0.429,-0.4617,Green,1,0
0.1918,1.242,Green,1,0
-0.4935,1.0265,Green,1,0
0.2042,1.068,Green,1,0
-0.2162,0.0718,Green,1,0
-0.7649,1.1791,Green,1,0
0.5842,0.1147,Green,1,0
0.3273,0.3164,Green,1,0
-2.432,1.1539,Green,1,0
-0.0651,0.4342,Green,1,0
-0.5601,1.2587,Green,1,0
-1.3388,0.294,Green,1,1
0.6096,-1.7125,Green,1,0
-0.9113,-0.5069,Green,1,0
2.8096,1.4125,Green,1,0
-0.6795,0.2248,Green,1,0
-0.0402,0.9892,Green,1,0
0.8597,-0.0108,Green,1,0
-0.9779,0.4864,Green,1,0
0.3036,-1.5344,Green,1,0
-1.0011,-0.3047,Green,1,0
-0.5881,-1.4977,Green,1,0
-0.3633,0.6247,Green,1,0
0.1137,-0.2857,Green,1,0
0.4671,-1.3753,Green,1,0
0.7084,0.6419,Green,1,0
0.6209,1.2408,Green,1,0
-0.9428,-0.8527,Green,1,0
0.9844,1.0757,Green,1,0
-0.1513,0.1247,Green,1,0
0.5912,0.7028,Green,1,0
0.0281,-1.4434,Green,1,0
-2.0924,0.4775,Green,1,0
2.3627,0.328,Green,1,0
-0.9134,-0.9505,Green,1,0
0.9127,0.6265,Green,1,0
-0.2825,-1.2899,Green,1,0
-0.2573,0.0877,Green,1,0
0.1365,1.1163,Green,1,0
0.7709,0.4871,Green,1,0
-0.4138,-0.6037,Green,1,0
-1.1263,0.7774,Green,1,0
-1.7067,-2.3514,Green,1,0
0.3328,1.6692,Green,1,0
-0.3114,-2.0214,Green,1,1
0.2646,-0.2061,Green,1,0
0.3676,0.2187,Green,1,0
-0.5084,-0.7115,Green,1,0
1.1265,-0.7143,Green,1,0
-0.1622,-0.8095,Green,1,0
0.3962,1.9765,Green,1,0
-0.1982,-0.554,Green,1,0
-0.5083,1.2899,Green,1,0
1.9418,-0.4339,Green,1,0
-1.3173,0.8095,Green,1,0
-1.4461,1.3297,Green,1,0
-1.8122,-0.1654,Green,1,0
-1.5454,0.6694,Green,1,0
1.1322,-0.5529,Green,1,0
-1.2458,-0.0223,Green,1,0
-0.0305,-0.9669,Green,1,0
-1.1272,1.0644,Green,1,0
-0.9581,1.6465,Green,1,0
-0.5859,-0.5176,Green,1,0
-0.3383,1.5684,Green,1,0
-1.2665,0.299,Green,1,0
0.484,-0.5369,Green,1,0
-1.1856,1.0035,Green,1,0
0.1352,-0.2066,Green,1,0
1.1875,0.735,Green,1,0
0.7716,-0.4937,Green,1,0
-0.2045,1.498,Green,1,0
0.0445,-0.7381,Green,1,0
-0.7089,-0.5922,Green,1,0
1.0238,0.7591,Green,1,0
1.3016,-0.4971,Green,1,0
-0.3535,-0.1593,Green,1,0
0.1423,-0.4809,Green,1,1
-1.274,0.4363,Green,1,0
-0.4521,1.7876,Green,1,0
0.299,-0.6414,Green,1,0
-0.3789,-0.7339,Green,1,0
0.1422,-0.7327,Green,1,0
0.5475,0.7664,Green,1,0
0.7538,0.4754,Green,1,0
1.1231,0.4049,Green,1,0
1.5123,-0.9578,Green,1,0
0.1984,-0.2159,Green,1,0
-2.1315,0.9799,Green,1,0
-1.6394,1.6271,Green,1,0
0.8641,-0.2677,Green,1,0
-0.4528,-0.0393,Green,1,0
0.6644,0.5066,Green,1,0
-0.0649,0.0463,Green,1,0
1.014,-0.2744,Green,1,0
-0.0608,1.1778,Green,1,0
-1.4181,-1.0081,Green,1,0
-0.9212,0.628,Green,1,0
1.9375,-1.8401,Green,1,0
0.3151,2.3069,Green,1,0
-0.4813,1.0998,Green,1,0
1.042,-0.7364,Green,1,0
-0.3957,-0.8143,Green,1,0
0.9958,1.0994,Green,1,0
-0.6389,-0.718,Green,1,0
-0.2637,0.0596,Green,1,0
0.0095,0.1848,Green,1,0
-0.73,-0.4276,Green,1,0
-0.9837,1.3626,Green,1,0
0.5648,0.7504,Green,1,0
1.2476,0.3318,Green,1,1
0.6162,-0.1388,Green,1,0
0.6399,-1.1863,Green,1,0
-2.4775,1.9358,Green,1,0
-0.0784,0.5356,Green,1,0
-0.7795,-0.5154,Green,1,0
0.2393,-1.208,Green,1,0
0.7917,-1.0965,Green,1,0
-1.3522,-0.0595,Green,1,0
0.8483,0.0455,Green,1,0
-0.021,-0.7844,Green,1,0
-0.219,-1.8992,Green,1,0
0.3971,-0.0708,Green,1,0
-2.2555,-0.7583,Green,1,0
-1.6458,-1.0116,Green,1,0
-0.4828,1.2317,Green,1,0
-0.9499,-0.3743,Green,1,0
1.9572,0.9036,Green,1,0
-0.9269,0.2954,Green,1,0
-0.5218,0.4706,Green,1,0
-0.1996,-1.3586,Green,1,0
-0.3469,-0.0016,Green,1,0
1.1567,-1.4208,Green,1,0
1.7901,-0.8625,Green,1,0
0.8222,0.1581,Green,1,0
-1.2052,1.0407,Green,1,0
-0.7222,0.5618,Green,1,0
0.7629,-0.3,Green,1,0
0.5273,-0.8607,Green,1,0
0.2563,0.3495,Green,1,0
0.9855,-0.4261,Green,1,0
2.3665,0.0339,Green,1,0
0.2656,-0.1178,Green,1,0
1.0154,1.5128,Green,1,1
1.1265,0.2824,Green,1,0
0.4098,-0.0215,Green,1,0
-0.0702,1.4121,Green,1,0
0.1379,-3.3153,Green,1,0
-1.9619,0.1052,Green,1,0
-0.4893,1.2501,Green,1,0
1.1879,-0.4841,Green,1,0
0.5464,0.7877,Green,1,0
-0.5121,-0.2707,Green,1,0
2.3756,-0.5066,Red,2,1
2.294,0.6156,Red,2,0
2.437,-0.9985,Red,2,0
3.1635,-0.2011,Red,2,0
2.2502,-0.0736,Red,2,0
1.7042,0.3525,Red,2,0
2.1551,0.1879,Red,2,0
2.6288,0.7178,Red,2,0
1.8311,0.7672,Red,2,0
2.5973,-1.043,Red,2,0
3.3777,0.3268,Red,2,0
2.6736,0.6827,Red,2,0
3.5193,0.711,Red,2,0
2.3457,0.1669,Red,2,0
3.8279,-0.4798,Red,2,0
1.8525,0.0071,Red,2,0
2.4394,0.3199,Red,2,0
2.1726,0.3434,Red,2,0
2.6498,-0.3447,Red,2,0
2.3854,0.4662,Red,2,0
1.9575,-0.4709,Red,2,0
3.4735,-0.6774,Red,2,0
2.8928,0.4174,Red,2,0
2.2613,-0.4035,Red,2,0
2.4637,0.1131,Red,2,0
2.5602,-0.1233,Red,2,0
2.2515,-0.7816,Red,2,0
2.9486,0.3594,Red,2,0
2.204,-0.8049,Red,2,0
2.4061,-0.1787,Red,2,0
3.2976,0.5107,Red,2,0
2.5944,0.1165,Red,2,0
1.7903,0.185,Red,2,0
1.9436,0.1494,Red,2,1
2.051,0.2557,Red,2,0
2.5854,-0.9075,Red,2,0
2.1701,-0.1518,Red,2,0
3.3596,-0.4508,Red,2,0
2.3505,-0.412,Red,2,0
1.8756,-0.0002,Red,2,0
1.6735,-0.6571,Red,2,0
2.19,-1.2333,Red,2,0
2.7279,-0.6293,Red,2,0
2.6601,0.4809,Red,2,0
2.6757,0.8725,Red,2,0
2.5798,-0.0954,Red,2,0
2.7608,0.1553,Red,2,0
3.3653,-0.0099,Red,2,0
3.074,0.3687,Red,2,0
2.0442,-0.2661,Red,2,0
2.3064,0.4155,Red,2,0
2.831,0.0175,Red,2,0
1.9689,0.417,Red,2,0
1.7945,0.8793,Red,2,0
2.8644,0.3035,Red,2,0
2.2772,0.1534,Red,2,0
2.2211,-0.1192,Red,2,0
2.5352,0.1099,Red,2,0
2.2608,-0.1693,Red,2,0
2.4378,0.2094,Red,2,0
2.1309,-0.5789,Red,2,0
1.9102,-0.3212,Red,2,0
2.0725,0.912,Red,2,0
3.0243,0.4492,Red,2,0
2.2572,-0.2941,Red,2,0
2.3698,0.074,Red,2,0
2.3513,-0.2347,Red,2,1
2.5722,0.1283,Red,2,0
2.1182,-0.0117,Red,2,0
1.5948,-0.3053,Red,2,0
2.4149,-0.2749,Red,2,0
3.3983,-0.4965,Red,2,0
2.7346,0.1991,Red,2,0
2.5358,0.3544,Red,2,0
2.8406,-1.119,Red,2,0
2.5009,0.1391,Red,2,0
1.8316,-1.329,Red,2,0
2.8612,0.6641,Red,2,0
2.5217,0.3181,Red,2,0
3.1374,-0.5433,Red,2,0
2.1239,0.0361,Red,2,0
2.1923,-0.343,Red,2,0
2.0946,-0.2611,Red,2,0
2.6004,0.3053,Red,2,0
2.8178,-0.779,Red,2,0
2.4153,-0.1288,Red,2,0
2.1068,-0.2452,Red,2,0
2.9774,0.7246,Red,2,0
2.0651,-0.3958,Red,2,0
2.6998,0.1082,Red,2,0
2.0475,1.0804,Red,2,0
3.0712,0.1002,Red,2,0
2.7086,-0.8088,Red,2,0
2.5223,-0.3357,Red,2,0
2.202,-0.9205,Red,2,0
1.9819,-0.6595,Red,2,0
2.9009,-0.9657,Red,2,0
2.9087,-0.3741,Red,2,0
3.2967,0.251,Red,2,0
2.4091,0.3716,Red,2,1
3.1492,-0.2683,Red,2,0
3.1689,0.3331,Red,2,0
3.6805,0.038,Red,2,0
3.3092,0.1628,Red,2,0
2.4376,-0.3951,Red,2,0
1.9205,-0.7188,Red,2,0
2.7779,-0.3701,Red,2,0
3.2706,-0.5984,Red,2,0
3.5624,0.0791,Red,2,0
2.2692,0.5874,Red,2,0
2.6466,-1.1749,Red,2,0
2.6499,0.0534,Red,2,0
2.7464,-0.1882,Red,2,0
3.2089,0.703,Red,2,0
2.0064,-0.5631,Red,2,0
3.3377,-0.1882,Red,2,0
1.7697,0.1028,Red,2,0
2.5851,-0.2061,Red,2,0
2.7394,-0.6857,Red,2,0
3.0234,0.2603,Red,2,0
1.908,0.1923,Red,2,0
3.2044,-0.383,Red,2,0
2.7265,-0.0394,Red,2,0
2.5819,-0.544,Red,2,0
2.5222,0.0431,Red,2,0
2.2595,-0.0323,Red,2,0
2.7789,0.0793,Red,2,0
2.8107,0.933,Red,2,0
2.8297,-0.5072,Red,2,0
2.3173,0.8323,Red,2,0
2.2974,-0.0182,Red,2,0
2.3665,-0.7012,Red,2,0
2.9633,-0.2567,Red,2,1
2.0194,-0.3481,Red,2,0
2.7697,-0.8975,Red,2,0
2.3959,0.6963,Red,2,0
3.0146,-0.2581,Red,2,0
1.4475,-0.0871,Red,2,0
2.1565,-0.4068,Red,2,0
2.6383,0.7115,Red,2,0
2.2805,0.7091,Red,2,0
2.5664,-0.2999,Red,2,0
2.5002,0.4264,Red,2,0
2.8479,1.1667,Red,2,0
1.7681,-0.0699,Red,2,0
1.8807,0.0476,Red,2,0
2.3026,0.2328,Red,2,0
2.7461,-0.7293,Red,2,0
2.9001,-0.0619,Red,2,0
2.1359,0.7236,Red,2,0
2.8219,-0.2945,Red,2,0
2.2068,-0.558,Red,2,0
2.721,0.4726,Red,2,0
2.8654,0.1401,Red,2,0
3.1515,-0.2387,Red,2,0
2.5602,0.7698,Red,2,0
2.9514,-0.2874,Red,2,0
2.6193,-0.1832,Red,2,0
2.26,0.2315,Red,2,0
1.701,-0.3299,Red,2,0
2.6987,0.5403,Red,2,0
2.3244,-0.2746,Red,2,0
2.0722,0.8407,Red,2,0
3.2164,-0.1041,Red,2,0
2.0227,-0.4229,Red,2,0
2.894,-0.9156,Red,2,1
2.5107,0.0324,Red,2,0
2.7672,-0.2612,Red,2,0
3.1684,0.0157,Red,2,0
2.7994,0.3955,Red,2,0
2.2206,0.5038,Red,2,0
1.8924,0.9342,Red,2,0
3.4256,-0.3599,Red,2,0
2.0641,0.7471,Red,2,0
2.2053,0.0213,Red,2,0
2.9052,0.041,Red,2,0
2.7002,0.5798,Red,2,0
2.7182,0.6986,Red,2,0
2.3595,-0.2179,Red,2,0
2.575,-0.3247,Red,2,0
3.3327,1.3138,Red,2,0
3.3302,-0.2529,Red,2,0
2.3235,-0.3289,Red,2,0
1.8778,0.1215,Red,2,0
1.8947,0.4711,Red,2,0
2.1022,-0.0286,Red,2,0
1.9405,0.9069,Red,2,0
2.4763,0.214,Red,2,0
2.1018,0.0437,Red,2,0
2.389,-0.4682,Red,2,0
2.5549,-0.2321,Red,2,0
1.8125,0.3704,Red,2,0
2.085,-0.3418,Red,2,0
2.3244,0.3207,Red,2,0
2.7002,-0.1302,Red,2,0
1.9347,0.0376,Red,2,0
2.7186,0.211,Red,2,0
1.9333,-0.9441,Red,2,0
1.5593,-1.0861,Red,2,1
2.4052,0.6974,Red,2,0
2.4425,0.2841,Red,2,0
2.0521,-0.6068,Red,2,0
1.9284,0.5327,Red,2,0
2.7888,-0.3573,Red,2,0
1.4302,-0.6428,Red,2,0
2.2201,0.3729,Red,2,0
3.3573,1.3593,Red,2,0
2.83,-0.4042,Red,2,0
3.1275,0.0338,Red,2,0
2.5483,0.2702,Red,2,0
3.4775,0.3804,Red,2,0
2.9503,0.9162,Red,2,0
3.1681,-1.0079,Red,2,0
1.9381,-0.4671,Red,2,0
2.6952,-0.6858,Red,2,0
3.121,0.3291,Red,2,0
2.6488,-0.1306,Red,2,0
1.924,0.258,Red,2,0
2.3137,0.3217,Red,2,0
2.3546,-0.1869,Red,2,0
1.4034,0.7989,Red,2,0
2.869,0.2452,Red,2,0
3.0649,-0.0994,Red,2,0
2.5574,-0.6963,Red,2,0
2.9124,-0.7798,Red,2,0
3.0018,-1.2325,Red,2,0
2.6152,-0.7143,Red,2,0
2.8217,0.0215,Red,2,0
3.0711,-0.4081,Red,2,0
2.4284,0.3109,Red,2,0
2.9475,0.0769,Red,2,0
1.9691,0.482,Red,2,1
1.8157,1.0851,Red,2,0
2.5186,-0.1701,Red,2,0
3.582,0.8346,Red,2,0
2.4324,-0.5746,Red,2,0
1.6576,0.9421,Red,2,0
2.2491,0.0348,Red,2,0
3.5392,0.2864,Red,2,0
2.0741,-0.1863,Red,2,0
2.7542,0.1069,Red,2,0
1.9415,0.0892,Red,2,0
3.2158,0.0477,Red,2,0
2.3738,0.3053,Red,2,0
3.6016,1.0395,Red,2,0
1.5345,0.0363,Red,2,0
2.8091,0.378,Red,2,0
2.3602,0.6022,Red,2,0
2.3956,-0.6329,Red,2,0
2.241,0.4062,Red,2,0
1.814,-0.4577,Red,2,0
1.6904,-0.9877,Red,2,0
2.8669,0.3604,Red,2,0
2.4947,0.044,Red,2,0
1.7591,0.1156,Red,2,0
3.4627,0.6474,Red,2,0
2.683,-0.4243,Red,2,0
3.0334,0.4948,Red,2,0
2.9386,-0.5918,Red,2,0
2.3201,-0.3879,Red,2,0
1.9547,-0.428,Red,2,0
2.0719,0.1377,Red,2,0
1.7083,-0.0165,Red,2,0
2.719,-0.5656,Red,2,0
2.8149,0.8348,Red,2,1
2.515,0.5405,Red,2,0
2.8773,-0.6425,Red,2,0
2.8126,-0.3271,Red,2,0
2.319,0.2092,Red,2,0
2.6845,0.008,Red,2,0
2.5236,-0.6146,Red,2,0
2.0192,0.1121,Red,2,0
2.7613,-0.4606,Red,2,0
2.3063,0.5432,Red,2,0
2.9167,0.1664,Red,2,0
2.5182,-0.5506,Red,2,0
2.9701,0.115,Red,2,0
2.9215,0.3063,Red,2,0
2.8988,-0.0659,Red,2,0
2.4875,0.2443,Red,2,0
2.4259,0.2153,Red,2,0
2.2239,0.2671,Red,2,0
2.7592,0.6251,Red,2,0
2.3203,-0.3573,Red,2,0
2.8632,-0.0799,Red,2,0
1.6406,0.4463,Red,2,0
2.4483,-0.1937,Red,2,0
2.4914,0.4022,Red,2,0
2.4987,0.8522,Red,2,0
3.1391,-0.0367,Red,2,0
3.052,-0.9904,Red,2,0
2.4577,-0.3353,Red,2,0
2.1133,0.4821,Red,2,0
1.8697,0.1247,Red,2,0
1.8782,-0.033,Red,2,0
2.3802,0.4587,Red,2,0
3.1311,1.0967,Red,2,0
2.5894,0.799,Red,2,1
2.6536,-0.2675,Red,2,0
2.959,-0.3101,Red,2,0
2.433,0.8693,Red,2,0
2.3377,0.4088,Red,2,0
2.8463,0.04,Red,2,0
2.163,1.1922,Red,2,0
1.9835,0.0211,Red,2,0
3.1544,0.1469,Red,2,0
2.1173,-0.6266,Red,2,0
2.6534,-0.1571,Red,2,0
1.3854,0.625,Red,2,0
3.3206,0.6265,Red,2,0
2.3879,0.3693,Red,2,0
3.3054,-0.1215,Red,2,0
2.8337,0.8736,Red,2,0
2.7809,0.8557,Red,2,0
3.299,-0.368,Red,2,0
2.7064,0.2046,Red,2,0
3.174,1.1582,Red,2,0
2.1276,1.016,Red,2,0
1.6715,0.8412,Red,2,0
2.0314,-0.3991,Red,2,0
2.8754,0.0591,Red,2,0
2.1016,-0.0084,Red,2,0
3.1558,-0.0946,Red,2,0
1.9055,-0.3856,Red,2,0
1.8641,0.1147,Red,2,0
2.4383,-0.2565,Red,2,0
3.1993,0.288,Red,2,0
2.3487,-0.2202,Red,2,0
3.1824,-1.1585,Red,2,0
2.1858,-0.5469,Red,2,0
2.7264,0.2854,Red,2,1
2.2541,-0.1427,Red,2,0
2.4867,-0.3178,Red,2,0
2.8292,-1.1874,Red,2,0
2.5953,0.2397,Red,2,0
2.3268,-0.1519,Red,2,0
2.4003,-0.3712,Red,2,0
3.0639,0.2413,Red,2,0
2.7383,-0.1486,Red,2,0
1.8856,-0.0161,Red,2,0
1.8948,-0.1895,Red,2,0
2.6045,0.083,Red,2,0
2.4415,0.1814,Red,2,0
2.6337,0.0286,Red,2,0
3.3654,-0.0067,Red,2,0
2.3112,0.2594,Red,2,0
3.1212,0.0942,Red,2,0
2.8161,0.2907,Red,2,0
3.0001,-0.0568,Red,2,0
2.939,0.0801,Red,2,0
2.2883,-0.2619,Red,2,0
1.7906,-0.4788,Red,2,0
2.9941,-0.4317,Red,2,0
2.2539,0.3687,Red,2,0
2.6504,0.7102,Red,2,0
3.0103,0.6324,Red,2,0
1.9869,0.7758,Red,2,0
3.3801,0.3152,Red,2,0
2.429,-0.3566,Red,2,0
1.9296,0.2748,Red,2,0
2.8123,0.0161,Red,2,0
2.1988,0.621,Red,2,0
3.0479,-0.2875,Red,2,0
2.7006,0.3972,Red,2,1
2.2504,0.1393,Red,2,0
2.4845,-0.9863,Red,2,0
2.6884,-0.6583,Red,2,0
3.2859,0.5684,Red,2,0
3.065,-0.0785,Red,2,0
1.8213,-0.2655,Red,2,0
2.4019,0.2149,Red,2,0
2.3375,-0.4741,Red,2,0
2.0744,-0.2587,Red,2,0
2.5034,-0.7985,Red,2,0
2.2606,0.5674,Red,2,0
2.0653,-0.4351,Red,2,0
2.9618,0.7498,Red,2,0
3.238,0.0547,Red,2,0
3.1645,-1.0105,Red,2,0
2.0775,0.2401,Red,2,0
2.5858,0.1965,Red,2,0
2.056,-0.003,Red,2,0
2.1026,0.343,Red,2,0
1.4826,0.7535,Red,2,0
1.7765,-0.1695,Red,2,0
2.0272,0.8493,Red,2,0
1.6002,-1.1064,Red,2,0
2.4965,-0.9121,Red,2,0
2.3984,-0.7956,Red,2,0
2.665,0.3382,Red,2,0
2.3716,-0.5233,Red,2,0
2.1824,-0.0322,Red,2,0
2.4459,0.4209,Red,2,0
1.8073,0.285,Red,2,0
1.7342,-0.1869,Red,2,0
1.5769,0.3495,Red,2,0
3.7508,0.1203,Red,2,1
2.3233,-1.0894,Red,2,0
2.8847,0.2259,Red,2,0
1.8546,-0.1938,Red,2,0
2.4833,0.2665,Red,2,0
2.2591,-0.6163,Red,2,0
2.4355,0.043,Red,2,0
2.8999,0.4141,Red,2,0
1.5398,0.0237,Red,2,0
1.7088,0.4991,Red,2,0
2.5912,-0.1581,Red,2,0
3.2492,-0.1221,Red,2,0
2.5495,0.1258,Red,2,0
1.8561,0.8399,Red,2,0
2.4389,-0.3138,Red,2,0
1.7701,-0.1908,Red,2,0
2.1435,0.0233,Red,2,0
2.3423,0.5965,Red,2,0
2.9137,0.0476,Red,2,0
2.6732,0.1879,Red,2,0
1.9515,-0.3131,Red,2,0
2.7027,0.3121,Red,2,0
2.4075,-0.0958,Red,2,0
2.4341,-0.0668,Red,2,0
1.787,-0.2792,Red,2,0
2.7718,-0.7865,Red,2,0
3.3812,0.0541,Red,2,0
2.6975,0.7817,Red,2,0
3.236,0.2672,Red,2,0
2.5461,0.5363,Red,2,0
2.367,0.7015,Red,2,0
1.9124,-0.2632,Red,2,0
2.1874,0.646,Red,2,0
3.072,1.1965,Red,2,1
2.5216,-0.0376,Red,2,0
2.9809,0.0596,Red,2,0
1.9746,0.2728,Red,2,0
2.0351,-0.0568,Red,2,0
2.4459,0.2464,Red,2,0
2.3741,0.1762,Red,2,0
2.8406,-0.3191,Red,2,0
1.8725,-0.5494,Red,2,0
2.8091,0.545,Red,2,0
2.0032,-0.1759,Red,2,0
3.2608,-0.0767,Red,2,0
3.2948,-0.0094,Red,2,0
2.7724,-0.1985,Red,2,0
3.6196,-0.6022,Red,2,0
2.8449,0.5241,Red,2,0
1.6689,0.1842,Red,2,0
1.6136,-0.6476,Red,2,0
2.82,1.0309,Red,2,0
2.6113,0.1527,Red,2,0
2.8328,-1.2646,Red,2,0
3.1909,0.3927,Red,2,0
2.0046,0.5385,Red,2,0
2.6453,0.3152,Red,2,0
2.5876,0.1408,Red,2,0
2.6829,0.4778,Red,2,0
2.6495,-0.3901,Red,2,0
2.1058,0.1138,Red,2,0
2.9072,1.2206,Red,2,0
2.0836,-0.3584,Red,2,0
1.8592,-0.7261,Red,2,0
2.367,0.3023,Red,2,0
2.4707,-0.0958,Red,2,0
3.0534,-0.0355,Red,2,1
1.579,0.3004,Red,2,0
1.8975,0.3979,Red,2,0
2.8318,-0.219,Red,2,0
2.6125,-0.5445,Red,2,0
2.5896,0.2856,Red,2,0
3.1773,0.2068,Red,2,0
2.9391,0.4753,Red,2,0
2.9762,-0.2367,Red,2,0
2.6694,-0.6374,Red,2,0
2.893,0.6939,Red,2,0
3.0502,0.3787,Red,2,0
3.0837,0.5053,Red,2,0
2.3689,-0.1093,Red,2,0
3.8015,-0.4833,Red,2,0
3.3921,0.0722,Red,2,0
2.2547,-0.0738,Red,2,0
1.8358,-0.5609,Red,2,0
2.7715,-0.7462,Red,2,0
2.489,-0.1138,Red,2,0
2.1644,-0.5294,Red,2,0
1.9052,-0.2002,Red,2,0
2.0347,-0.2818,Red,2,0
1.7536,0.0916,Red,2,0
2.0318,0.0845,Red,2,0
2.72,0.0832,Red,2,0
2.6489,-0.3033,Red,2,0
2.3939,-0.4864,Red,2,0
2.9842,-0.0951,Red,2,0
1.7963,-0.3797,Red,2,0
2.6955,-0.3073,Red,2,0
3.1008,-0.4153,Red,2,0
1.9523,0.06,Red,2,0
2.089,0.4718,Red,2,1
1.3665,-0.0544,Red,2,0
2.4997,0.8699,Red,2,0
2.2005,-0.3826,Red,2,0
2.5983,0.3346,Red,2,0
2.3868,-0.5935,Red,2,0
1.7311,-0.1906,Red,2,0
3.3278,0.0298,Red,2,0
1.7263,-0.4549,Red,2,0
1.9107,-0.8157,Red,2,0
2.7007,-0.6537,Red,2,0
2.1141,0.582,Red,2,0
2.365,0.1104,Red,2,0
2.5727,-0.4148,Red,2,0
3.2015,0.1438,Red,2,0
2.9137,-0.1588,Red,2,0
1.7772,-0.0945,Red,2,0
2.6911,-0.6804,Red,2,0
3.4572,-0.3837,Red,2,0
2.7851,-0.2263,Red,2,0
2.4962,0.2893,Red,2,0
2.1277,-0.2041,Red,2,0
2.1997,-0.6643,Red,2,0
2.3489,-0.1517,Red,2,0
2.1526,0.2515,Red,2,0
2.7303,-0.6282,Red,2,0
2.7582,-0.4531,Red,2,0
2.4226,-0.3234,Red,2,0
2.3347,0.2858,Red,2,0
2.0165,-0.3727,Red,2,0
2.5815,-1.1376,Red,2,0
3.2181,-0.4501,Red,2,0
2.9541,-0.5949,Red,2,0
3.376,0.2565,Red,2,1
2.6103,-0.8132,Red,2,0
2.2496,0.4209,Red,2,0
3.6554,-0.4686,Red,2,0
3.0801,0.4084,Red,2,0
3.1088,-0.1296,Red,2,0
2.8338,-0.2547,Red,2,0
2.3944,0.2312,Red,2,0
2.3121,0.6642,Red,2,0
2.3902,0.7157,Red,2,0
2.6606,0.0317,Red,2,0
2.8964,-1.2546,Red,2,0
2.4263,0.6237,Red,2,0
2.6621,0.9804,Red,2,0
3.0052,-0.3065,Red,2,0
2.7811,-0.4533,Red,2,0
2.506,-0.8719,Red,2,0
2.2732,0.2631,Red,2,0
2.6278,-0.8842,Red,2,0
2.2457,0.5174,Red,2,0
1.8615,-0.1458,Red,2,0
1.884,0.2458,Red,2,0
1.7755,0.3203,Red,2,0
2.9417,-1.1212,Red,2,0
3.7979,0.0888,Red,2,0
2.7504,-0.0973,Red,2,0
2.8675,-0.1428,Red,2,0
1.9209,0.0262,Red,2,0
2.5586,0.4827,Red,2,0
2.3945,-0.0745,Red,2,0
2.273,0.7648,Red,2,0
2.6746,0.0291,Red,2,0
2.2194,-0.3871,Red,2,0
2.4146,-0.5966,Red,2,1
2.4043,-0.4338,Red,2,0
2.2803,0.2627,Red,2,0
2.5714,0.3825,Red,2,0
2.3549,0.8184,Red,2,0
3.0171,-0.3637,Red,2,0
3.791,-0.2249,Red,2,0
1.7186,-0.0061,Red,2,0
2.325,0.3963,Red,2,0
3.6254,0.3219,Red,2,0
3.1196,0.5768,Red,2,0
2.8595,-0.1807,Red,2,0
2.513,-0.2849,Red,2,0
1.8292,-0.0553,Red,2,0
2.0021,-0.1141,Red,2,0
2.3666,0.0614,Red,2,0
2.6606,0.5828,Red,2,0
2.0613,-0.146,Red,2,0
2.469,0.1808,Red,2,0
2.9506,-0.1201,Red,2,0
2.8992,-0.4284,Red,2,0
1.7312,0.4449,Red,2,0
2.4134,-0.4402,Red,2,0
3.1992,-0.1076,Red,2,0
2.4214,0.8379,Red,2,0
2.4342,0.0951,Red,2,0
1.5236,0.2134,Red,2,0
2.7811,0.5148,Red,2,0
2.2847,-0.2207,Red,2,0
1.1933,0.4383,Red,2,0
2.9571,-0.0021,Red,2,0
2.9101,-0.3915,Red,2,0
2.0318,-0.12,Red,2,0
2.2109,-0.1605,Red,2,1
2.8185,0.1047,Red,2,0
3.3134,0.723,Red,2,0
2.2813,0.2786,Red,2,0
2.7556,-0.6402,Red,2,0
2.4016,0.1522,Red,2,0
2.5763,0.1452,Red,2,0
1.83,-0.0765,Red,2,0
2.007,0.6276,Red,2,0
3.3118,-0.7208,Red,2,0
2.2223,-0.5498,Red,2,0
3.1246,0.155,Red,2,0
2.9371,-0.0952,Red,2,0
1.4577,-1.4407,Red,2,0
2.7252,0.1006,Red,2,0
2.8011,0.2853,Red,2,0
2.6153,0.6273,Red,2,0
2.4295,-0.1526,Red,2,0
3.0037,0.067,Red,2,0
2.1445,-0.3083,Red,2,0
2.2546,-0.2181,Red,2,0
2.509,0.0798,Red,2,0
2.608,0.4982,Red,2,0
3.2989,0.315,Red,2,0
2.3214,-0.2496,Red,2,0
2.9809,-0.6888,Red,2,0
2.8362,-0.3429,Red,2,0
1.8006,0.5171,Red,2,0
2.1982,0.7077,Red,2,0
2.1974,-0.1871,Red,2,0
2.9651,-0.9661,Red,2,0
2.603,-1.18,Red,2,0
2.295,-0.2738,Red,2,0
2.7281,0.5382,Red,2,1
2.6497,0.3144,Red,2,0
2.1818,0.3778,Red,2,0
2.1737,0.0058,Red,2,0
2.7424,-0.8027,Red,2,0
1.7261,0.1717,Red,2,0
3.0604,-0.1458,Red,2,0
1.731,0.06,Red,2,0
2.8902,-0.1977,Red,2,0
1.7881,-0.5002,Red,2,0
2.2156,-0.8058,Red,2,0
3.1671,-0.2316,Red,2,0
2.2779,-0.6329,Red,2,0
2.8274,-0.0061,Red,2,0
2.514,-0.661,Red,2,0
2.5627,0.0152,Red,2,0
2.1318,-0.4162,Red,2,0
2.5545,0.0772,Red,2,0
2.531,0.3046,Red,2,0
2.5637,0.6533,Red,2,0
2.5979,0.0394,Red,2,0
3.0963,-0.4845,Red,2,0
2.4905,0.2253,Red,2,0
2.8106,-0.4516,Red,2,0
3.2491,0.3768,Red,2,0
1.4317,-0.3095,Red,2,0
2.5574,0.052,Red,2,0
3.102,-0.8062,Red,2,0
2.6235,-0.8191,Red,2,0
3.8267,0.25,Red,2,0
2.3536,0.3699,Red,2,0
2.246,0.4454,Red,2,0
2.0745,-0.3087,Red,2,0
1.8741,-0.3536,Red,2,1
3.0678,0.9612,Red,2,0
2.3546,0.0095,Red,2,0
2.4173,0.7315,Red,2,0
2.8865,0.1419,Red,2,0
2.9173,-0.1991,Red,2,0
1.6485,0.6921,Red,2,0
2.2494,-0.5195,Red,2,0
2.8222,0.8403,Red,2,0
3.1962,0.7188,Red,2,0
2.7415,0.5732,Red,2,0
2.822,-0.3973,Red,2,0
1.7262,0.3028,Red,2,0
3.6367,-0.5373,Red,2,0
2.497,0.0119,Red,2,0
1.7664,-0.6018,Red,2,0
2.7484,0.7663,Red,2,0
1.6143,-0.5418,Red,2,0
2.0953,-0.355,Red,2,0
2.4312,-0.8192,Red,2,0
2.5565,0.916,Red,2,0
2.4477,0.9768,Red,2,0
1.9399,-0.3825,Red,2,0
3.4437,0.156,Red,2,0
2.5434,0.0849,Red,2,0
2.8652,0.1409,Red,2,0
2.8458,0.1402,Red,2,0
2.1576,-0.0428,Red,2,0
2.5032,0.3955,Red,2,0
1.8945,-0.3002,Red,2,0
3.1195,0.0912,Red,2,0
2.2359,0.4172,Red,2,0
2.1915,-0.5942,Red,2,0
1.1826,-0.1123,Red,2,1
2.3573,-1.2021,Red,2,0
2.2354,-0.4354,Red,2,0
2.4366,-0.2779,Red,2,0
3.3291,-0.2261,Red,2,0
2.1901,-0.1605,Red,2,0
2.473,0.3958,Red,2,0
2.9832,-0.2159,Red,2,0
2.7151,1.465,Red,2,0
3.2678,0.2706,Red,2,0
2.4981,-0.5497,Red,2,0
2.9054,0.2156,Red,2,0
1.8329,0.0186,Red,2,0
2.7842,-1.1675,Red,2,0
3.9027,0.3484,Red,2,0
2.0908,0.6567,Red,2,0
2.6658,0.5237,Red,2,0
2.6737,-0.3313,Red,2,0
3.416,-1.0187,Red,2,0
2.1763,0.2983,Red,2,0
1.6781,0.1255,Red,2,0
2.1688,-0.1066,Red,2,0
2.7181,0.3747,Red,2,0
1.5849,-0.2157,Red,2,0
2.9516,0.6795,Red,2,0
2.9387,-0.5953,Red,2,0
2.0853,-0.3088,Red,2,0
2.6955,-0.1431,Red,2,0
2.7356,0.1276,Red,2,0
2.5881,-0.4782,Red,2,0
3.132,0.4197,Red,2,0
2.4172,-0.9517,Red,2,0
2.1192,0.7506,Red,2,0
2.88,-0.1812,Red,2,1
3.0302,0.7931,Red,2,0
3.0299,0.2996,Red,2,0
2.946,0.1683,Red,2,0
2.2469,-0.0897,Red,2,0
3.4415,-0.411,Red,2,0
1.7852,0.0575,Red,2,0
2.5266,0.2023,Red,2,0
3.0439,0.0453,Red,2,0
2.6152,-0.1443,Red,2,0
2.6391,0.1778,Red,2,0
2.5872,-0.0293,Red,2,0
2.4364,0.1647,Red,2,0
2.3576,0.4792,Red,2,0
2.8797,-0.6049,Red,2,0
2.1154,0.226,Red,2,0
2.2741,-0.7461,Red,2,0
3.2184,0.6847,Red,2,0
2.2309,-0.066,Red,2,0
3.2754,-0.2838,Red,2,0
2.9764,-0.2082,Red,2,0
4.0423,-0.8883,Red,2,0
2.7095,0.1297,Red,2,0
2.6924,0.4265,Red,2,0
1.9381,0.0473,Red,2,0
2.3366,-0.3454,Red,2,0
2.3251,0.5056,Red,2,0
2.9325,1.0372,Red,2,0
2.183,0.0584,Red,2,0
2.599,0.3895,Red,2,0
2.2698,-0.524,Red,2,0
2.3249,-0.4888,Red,2,0
3.0137,0.2898,Red,2,0
2.703,0.7362,Red,2,1
2.2589,1.4756,Red,2,0
2.5772,0.2943,Red,2,0
2.3406,-0.7027,Red,2,0
2.6138,0.3143,Red,2,0
2.6031,0.4848,Red,2,0
2.7402,-0.1881,Red,2,0
2.1822,-1.0134,Red,2,0
2.4856,-0.1419,Red,2,0
2.6232,-0.269,Red,2,0
2.5324,-0.5364,Red,2,0
2.8589,-0.0819,Red,2,0
1.8292,0.9804,Red,2,0
2.7365,-0.732,Red,2,0
3.503,-0.0756,Red,2,0
2.3394,0.2425,Red,2,0
2.4132,0.5892,Red,2,0
2.8636,-0.0651,Red,2,0
2.2376,0.8334,Red,2,0
2.509,-0.049,Red,2,0
3.1775,-0.4359,Red,2,0
2.6871,-0.0036,Red,2,0
1.8423,-0.3493,Red,2,0
2.7757,-0.6234,Red,2,0
2.8745,0.0177,Red,2,0
1.8526,-0.611,Red,2,0
2.0349,-0.2414,Red,2,0
2.5416,0.1175,Red,2,0
3.0081,-0.3833,Red,2,0
2.616,0.5845,Red,2,0
2.822,-0.4872,Red,2,0
2.3298,-0.425,Red,2,0
1.6086,-0.3954,Red,2,0
2.7056,-0.1476,Red,2,1
2.064,-0.4784,Red,2,0
2.9565,0.0753,Red,2,0
2.8696,-0.1789,Red,2,0
2.9542,-0.4833,Red,2,0
2.1284,0.6136,Red,2,0
3.0021,0.8647,Red,2,0
2.3142,-0.2416,Red,2,0
2.2896,-0.4545,Red,2,0
3.4072,-0.4093,Red,2,0
2.6617,0.1381,Red,2,0
1.9275,-0.2701,Red,2,0
2.1508,0.0629,Red,2,0
2.1262,0.0863,Red,2,0
2.136,-0.9991,Red,2,0
2.2465,0.1492,Red,2,0
1.8096,0.644,Red,2,0
2.9545,-0.3688,Red,2,0
2.0379,-0.5701,Red,2,0
2.4322,-0.3089,Red,2,0
3.2559,0.6731,Red,2,0
2.061,0.3781,Red,2,0
3.4769,-0.4286,Red,2,0
2.3999,-0.1096,Red,2,0
3.0052,0.4612,Red,2,0
2.6925,0.4593,Red,2,0
1.6399,0.3709,Red,2,0
2.4149,-0.2735,Red,2,0
2.047,0.104,Red,2,0
2.3652,-0.525,Red,2,0
1.8759,-1.323,Red,2,0
2.7338,-0.9691,Red,2,0
2.058,0.7074,Red,2,0
3.1137,0.5149,Red,2,1
2.653,-0.7092,Red,2,0
2.535,-0.2365,Red,2,0
2.0141,-0.4799,Red,2,0
2.45,-0.0801,Red,2,0
2.4282,0.7689,Red,2,0
1.5603,-0.2358,Red,2,0
2.3191,-0.577,Red,2,0
3.3589,0.7717,Red,2,0
1.6075,0.4165,Red,2,0
3.2751,0.309,Red,2,0
2.0968,0.9389,Red,2,0
2.5753,1.3871,Red,2,0
3.0588,0.3712,Red,2,0
2.6429,-0.2186,Red,2,0
2.3546,-0.2889,Red,2,0
3.0191,-0.6014,Red,2,0
2.4891,-0.4782,Red,2,0
2.4617,-0.4674,Red,2,0
2.3084,-0.382,Red,2,0
2.8082,0.8712,Red,2,0
2.391,-0.9916,Red,2,0
2.6223,0.3719,Red,2,0
2.5115,-0.1912,Red,2,0
1.784,0.2785,Red,2,0
2.535,-0.5417,Red,2,0
3.2506,-0.0192,Red,2,0
2.44,-0.7394,Red,2,0
2.583,-0.1199,Red,2,0
3.5157,-0.0245,Red,2,0
2.286,-0.1534,Red,2,0
1.7508,0.3337,Red,2,0
2.8704,-0.5248,Red,2,0
2.1577,0.9339,Red,2,1
3.2917,0.1778,Red,2,0
3.0311,-0.6965,Red,2,0
3.1359,-0.7682,Red,2,0
3.3903,0.4514,Red,2,0
3.5718,-0.7541,Red,2,0
2.8669,0.2179,Red,2,0
2.7602,0.6855,Red,2,0
2.4245,-0.3812,Red,2,0
2.2344,0.462,Red,2,0
2.7084,1.178,Red,2,0
2.6881,0.3285,Red,2,0
3.3542,-0.6512,Red,2,0
2.9082,0.2908,Red,2,0
3.4654,0.7828,Red,2,0
1.9989,0.1402,Red,2,0
2.61,-0.1058,Red,2,0
3.409,-0.758,Red,2,0
2.4277,-0.4369,Red,2,0
2.7804,0.1145,Red,2,0
1.4609,0.432,Red,2,0
3.8375,0.2049,Red,2,0
2.398,0.3154,Red,2,0
2.3038,-0.0516,Red,2,0
1.8166,0.0616,Red,2,0
2.8075,0.7431,Red,2,0
2.9424,-0.457,Red,2,0
2.721,0.2881,Red,2,0
2.8602,-0.2058,Red,2,0
2.9681,0.1749,Red,2,0
2.7501,0.5588,Red,2,0
2.341,0.3643,Red,2,0
1.5445,-0.661,Red,2,0
3.0853,-0.5387,Red,2,1
2.7484,-0.3466,Red,2,0
2.8415,0.1887,Red,2,0
2.6934,0.6451,Red,2,0
2.0742,-0.8688,Red,2,0
2.5988,0.5697,Red,2,0
2.7644,-0.4579,Red,2,0
2.3902,-0.2714,Red,2,0
3.209,-0.5101,Red,2,0
3.2447,0.0428,Red,2,0
1.8312,-0.0615,Red,2,0
2.8484,1.1632,Red,2,0
2.6957,0.3952,Red,2,0
3.218,-0.1537,Red,2,0
2.5425,0.1163,Red,2,0
2.8274,0.4796,Red,2,0
2.6725,0.3246,Red,2,0
2.3956,0.42,Red,2,0
2.6205,-1.7451,Red,2,0
2.1714,-0.3082,Red,2,0
2.0983,0.1208,Red,2,0
2.5842,1.0505,Red,2,0
0.9622,0.6562,Red,2,0
1.7675,0.9648,Red,2,0
2.4596,0.0109,Red,2,0
2.7687,0.1623,Red,2,0
2.0073,-0.7902,Red,2,0
2.1148,0.0403,Red,2,0
2.5535,-0.5216,Red,2,0
2.5297,-1.1449,Red,2,0
3.3076,-0.5508,Red,2,0
2.6207,0.4663,Red,2,0
1.9419,-0.4533,Red,2,0
2.5093,-0.3628,Red,2,1
2.3372,-0.4278,Red,2,0
2.6404,-0.0439,Red,2,0
2.5824,-0.3701,Red,2,0
2.8564,-0.1297,Red,2,0
2.9911,-1.056,Red,2,0
2.6532,0.1735,Red,2,0
1.7469,-0.6657,Red,2,0
2.0931,1.5452,Red,2,0
2.9577,0.4909,Red,2,0
1.6737,0.003,Red,2,0
2.9555,0.5997,Red,2,0
2.7124,-0.5871,Red,2,0
2.4673,-0.403,Red,2,0
1.8578,-0.1699,Red,2,0
1.9863,0.1971,Red,2,0
2.1345,-0.0628,Red,2,0
2.1575,-0.8579,Red,2,0
2.1041,0.1412,Red,2,0
2.0789,-0.3065,Red,2,0
2.7485,0.7788,Red,2,0
2.668,1.1257,Red,2,0
2.0666,0.3526,Red,2,0
2.735,0.6902,Red,2,0
2.6529,0.1726,Red,2,0
2.3468,-0.7852,Red,2,0
2.528,1.4827,Red,2,0
2.3309,0.8659,Red,2,0
3.0055,-0.0295,Red,2,0
2.6598,0.6675,Red,2,0
2.5777,0.2086,Red,2,0
2.3053,0.2526,Red,2,0
2.3556,-0.9164,Red,2,0
2.4283,0.1699,Red,2,1
2.4569,-0.1936,Red,2,0
3.0361,1.2203,Red,2,0
2.3735,-0.8112,Red,2,0
2.5271,0.1141,Red,2,0
2.4902,-0.2571,Red,2,0
1.9682,-0.2897,Red,2,0
1.9493,0.0226,Red,2,0
1.7019,0.5582,Red,2,0
3.0269,-0.1826,Red,2,0
2.9882,0.4112,Red,2,0
2.8676,0.4968,Red,2,0
2.113,0.0682,Red,2,0
1.9433,-0.8864,Red,2,0
1.9633,-0.4464,Red,2,0
2.45,0.5446,Red,2,0
1.9146,-1.1672,Red,2,0
2.6063,0.2174,Red,2,0
1.799,-0.0548,Red,2,0
2.7238,-0.3,Red,2,0
2.5771,0.0063,Red,2,0
3.0173,-0.8061,Red,2,0
2.6108,0.0495,Red,2,0
2.2146,0.408,Red,2,0
2.8781,0.1882,Red,2,0
3.1321,0.9847,Red,2,0
2.4402,-0.6588,Red,2,0
2.8549,-0.9297,Red,2,0
3.0237,0.069,Red,2,0
2.1924,-0.3065,Red,2,0
1.1474,0.0794,Red,2,0
1.9086,-0.9052,Red,2,0
3.3149,0.6977,Red,2,0
2.754,-0.3914,Red,2,1
2.1517,0.2571,Red,2,0
2.6042,-0.4307,Red,2,0
3.0065,-0.7217,Red,2,0
2.1579,0.6202,Red,2,0
3.2547,-0.1573,Red,2,0
2.2175,-0.0575,Red,2,0
2.7261,-0.467,Red,2,0
2.7783,0.4877,Red,2,0
1.811,-1.1457,Red,2,0
